DateTimeUT,"Exposure Time","Exposure Meter Counts"
"2020-03-26 12:00:01",4092.38,991739136
"2020-03-26 12:00:05",4095.41,996152128
"2020-03-26 12:00:09",4099.2,996152832
"2020-03-26 12:00:13",4103.01,996153280
"2020-03-26 12:00:17",4107.22,996153728
"2020-03-26 12:00:21",4111.43,996154240
"2020-03-26 12:00:24",4115.32,0
"2020-03-26 22:39:24",0,3617392
"2020-03-26 22:39:28",4.217,4476266
"2020-03-26 22:39:32",8.336,4476712
"2020-03-26 22:39:35",12.545,4477117
"2020-03-26 22:39:39",15.247,4477473
"2020-03-26 22:39:43",19.035,8980566
"2020-03-26 22:39:47",23.173,8981146
"2020-03-26 22:39:51",27.383,8981589
"2020-03-26 22:39:54",31.573,8982027
"2020-03-26 22:39:58",34.218,8982417
"2020-03-26 22:40:02",38.008,13480721
"2020-03-26 22:40:06",42.201,13481146
"2020-03-26 22:40:10",46.41,13481565
"2020-03-26 22:40:13",50.619,13481963
"2020-03-26 22:40:17",53.171,13916693
"2020-03-26 22:40:21",57.038,17974072
"2020-03-26 22:40:25",61.247,17974528
"2020-03-26 22:40:28",65.456,17974892
"2020-03-26 22:40:32",68.333,17975300
"2020-03-26 22:40:36",72.124,20044904
"2020-03-26 22:40:40",76.085,22457630
"2020-03-26 22:40:44",80.292,22458080
"2020-03-26 22:40:47",84.504,22458552
"2020-03-26 22:40:51",87.288,22458918
"2020-03-26 22:40:55",91.078,26190772
"2020-03-26 22:40:59",95.131,26938162
"2020-03-26 22:41:03",99.341,26938576
"2020-03-26 22:41:06",103.55,26938986
"2020-03-26 22:41:10",106.241,26939330
"2020-03-26 22:41:14",110.032,31421720
"2020-03-26 22:41:18",114.168,31422196
"2020-03-26 22:41:22",118.378,31422606
"2020-03-26 22:41:25",122.587,31423028
"2020-03-26 22:41:29",125.204,31423508
"2020-03-26 22:41:33",129.006,35894728
"2020-03-26 22:41:37",133.205,35895160
"2020-03-26 22:41:41",137.414,35895520
"2020-03-26 22:41:44",141.623,35895980
"2020-03-26 22:41:48",144.169,36223492
"2020-03-26 22:41:52",148.031,40363156
"2020-03-26 22:41:56",152.241,40363596
"2020-03-26 22:41:59",156.45,40363948
"2020-03-26 22:42:03",159.34,40364308
"2020-03-26 22:42:07",163.13,42328280
"2020-03-26 22:42:11",167.079,44813860
"2020-03-26 22:42:15",171.288,44814260
"2020-03-26 22:42:18",175.497,44814700
"2020-03-26 22:42:22",178.293,44815068
"2020-03-26 22:42:26",182.084,48436424
"2020-03-26 22:42:30",186.115,49260648
"2020-03-26 22:42:34",190.325,49261048
"2020-03-26 22:42:37",194.534,49261416
"2020-03-26 22:42:41",197.257,49261736
"2020-03-26 22:42:45",201.047,53707816
"2020-03-26 22:42:49",205.162,53708216
"2020-03-26 22:42:53",209.372,53708616
"2020-03-26 22:42:56",213.581,53708984
"2020-03-26 22:43:00",216.211,53709436
"2020-03-26 22:43:04",220.001,58169948
"2020-03-26 22:43:08",224.209,58170448
"2020-03-26 22:43:12",228.418,58170864
"2020-03-26 22:43:15",232.627,58171328
"2020-03-26 22:43:19",235.164,58361576
"2020-03-26 22:43:23",239.046,62621264
"2020-03-26 22:43:27",243.254,62621604
"2020-03-26 22:43:30",247.465,62622072
"2020-03-26 22:43:34",250.326,62622468
"2020-03-26 22:43:38",254.117,64429448
"2020-03-26 22:43:42",258.093,67079076
"2020-03-26 22:43:46",262.302,67079532
"2020-03-26 22:43:49",266.511,67080004
"2020-03-26 22:43:53",269.28,67080384
"2020-03-26 22:43:57",273.07,70561096
"2020-03-26 22:44:01",277.128,71558800
"2020-03-26 22:44:05",281.338,71559160
"2020-03-26 22:44:08",285.548,71559512
"2020-03-26 22:44:12",288.243,71559936
"2020-03-26 22:44:16",292.033,76014960
"2020-03-26 22:44:20",296.176,76015368
"2020-03-26 22:44:24",300.385,76015752
"2020-03-26 22:44:27",304.595,76016112
"2020-03-26 22:44:31",307.196,76016472
"2020-03-26 22:44:35",311.013,80478976
"2020-03-26 22:44:39",315.212,80479496
"2020-03-26 22:44:43",319.422,80479848
"2020-03-26 22:44:46",323.631,80480272
"2020-03-26 22:44:50",326.16,80527696
"2020-03-26 22:44:54",330.049,84920736
"2020-03-26 22:44:58",334.259,84921224
"2020-03-26 22:45:01",338.469,84921560
"2020-03-26 22:45:05",341.322,84921992
"2020-03-26 22:45:09",345.114,86640032
"2020-03-26 22:45:13",349.097,89376544
"2020-03-26 22:45:17",353.306,89377040
"2020-03-26 22:45:20",357.515,89377480
"2020-03-26 22:45:24",360.276,89377880
"2020-03-26 22:45:28",364.067,92746048
"2020-03-26 22:45:32",368.133,93824808
"2020-03-26 22:45:36",372.342,93825184
"2020-03-26 22:45:39",376.551,93825600
"2020-03-26 22:45:43",379.238,93826032
"2020-03-26 22:45:47",383.029,98280632
"2020-03-26 22:45:51",387.18,98281168
"2020-03-26 22:45:55",391.389,98281624
"2020-03-26 22:45:58",395.598,98282016
"2020-03-26 22:46:02",398.192,98282504
"2020-03-26 22:46:06",402.017,102716800
"2020-03-26 22:46:10",406.225,102717280
"2020-03-26 22:46:14",410.436,102717648
"2020-03-26 22:46:17",413.355,102718048
"2020-03-26 22:46:21",417.146,102718432
"2020-03-26 22:46:25",421.063,107173952
"2020-03-26 22:46:29",425.273,107174328
"2020-03-26 22:46:32",429.482,107174792
"2020-03-26 22:46:36",432.308,107175280
"2020-03-26 22:46:40",436.099,108700608
"2020-03-26 22:46:44",440.11,111616560
"2020-03-26 22:46:48",444.32,111616984
"2020-03-26 22:46:51",448.529,111617384
"2020-03-26 22:46:55",451.262,111617808
"2020-03-26 22:46:59",455.053,114908608
"2020-03-26 22:47:03",459.127,116067832
"2020-03-26 22:47:07",463.336,116068232
"2020-03-26 22:47:10",467.546,116068592
"2020-03-26 22:47:14",470.245,116068944
"2020-03-26 22:47:18",474.037,120489784
"2020-03-26 22:47:22",478.175,120490224
"2020-03-26 22:47:26",482.383,120490608
"2020-03-26 22:47:29",486.592,120491032
"2020-03-26 22:47:33",489.199,120491424
"2020-03-26 22:47:37",493.012,124913216
"2020-03-26 22:47:41",497.22,124913656
"2020-03-26 22:47:45",501.429,124914056
"2020-03-26 22:47:48",505.639,124914432
"2020-03-26 22:47:52",508.152,124914848
"2020-03-26 22:47:56",512.058,129333632
"2020-03-26 22:48:00",516.268,129334024
"2020-03-26 22:48:03",520.477,129334416
"2020-03-26 22:48:07",523.313,129334864
"2020-03-26 22:48:11",527.105,130840240
"2020-03-26 22:48:15",531.104,133767824
"2020-03-26 22:48:19",535.314,133768272
"2020-03-26 22:48:22",539.522,133768728
"2020-03-26 22:48:26",542.268,133769144
"2020-03-26 22:48:30",546.058,136847776
"2020-03-26 22:48:34",550.15,138221328
"2020-03-26 22:48:38",554.361,138221728
"2020-03-26 22:48:41",558.57,138222160
"2020-03-26 22:48:45",561.22,138222528
"2020-03-26 22:48:49",565.012,142707952
"2020-03-26 22:48:53",569.188,142708512
"2020-03-26 22:48:57",573.397,142708944
"2020-03-26 22:49:00",577.607,142709264
"2020-03-26 22:49:04",580.185,142709680
"2020-03-26 22:49:08",584.015,147208224
"2020-03-26 22:49:12",588.185,147208656
"2020-03-26 22:49:16",592.394,147209040
"2020-03-26 22:49:19",596.603,147209472
"2020-03-26 22:49:23",599.187,147209920
"2020-03-26 22:49:27",603.021,151716192
"2020-03-26 22:49:31",607.221,151716624
"2020-03-26 22:49:35",611.431,151717088
"2020-03-26 22:49:38",615.641,151717504
"2020-03-26 22:49:42",618.15,153005376
"2020-03-26 22:49:46",622.059,156218576
"2020-03-26 22:49:50",626.268,156218992
"2020-03-26 22:49:54",630.223,156219440
"2020-03-26 22:49:58",634.013,156219856
"2020-03-26 22:50:02",638.196,160640016
"2020-03-26 22:50:06",642.404,160696032
"2020-03-26 22:50:10",646.615,160696608
"2020-03-26 22:50:14",650.226,160697024
"2020-03-26 22:50:18",654.017,160705600
"2020-03-26 22:50:22",658.122,165182864
"2020-03-26 22:50:26",662.291,165183296
"2020-03-26 22:50:29",666.5,165183712
"2020-03-26 22:50:33",669.29,165184080
"2020-03-26 22:50:37",673.121,167022192
"2020-03-26 22:50:41",677.089,169655072
"2020-03-26 22:50:45",681.298,169655520
"2020-03-26 22:50:48",685.467,169655952
"2020-03-26 22:50:52",688.323,169656384
"2020-03-26 22:50:56",692.114,173121616
"2020-03-26 22:51:00",696.096,174114336
"2020-03-26 22:51:04",700.305,174114768
"2020-03-26 22:51:07",704.514,174115184
"2020-03-26 22:51:11",707.277,174115616
"2020-03-26 22:51:15",711.066,178572064
"2020-03-26 22:51:19",715.102,178572576
"2020-03-26 22:51:23",719.311,178572960
"2020-03-26 22:51:26",723.521,178573376
"2020-03-26 22:51:30",726.27,178573888
"2020-03-26 22:51:34",730.102,183037216
"2020-03-26 22:51:38",734.098,183037696
"2020-03-26 22:51:42",738.309,183038160
"2020-03-26 22:51:46",742.478,183038544
"2020-03-26 22:51:49",746.567,183463392
"2020-03-26 22:51:53",749.224,187510816
"2020-03-26 22:51:57",753.015,187511248
"2020-03-26 22:52:01",757.075,187511648
"2020-03-26 22:52:05",761.284,187512080
"2020-03-26 22:52:08",765.493,189886352
"2020-03-26 22:52:12",768.298,191992640
"2020-03-26 22:52:16",772.208,191993088
"2020-03-26 22:52:20",776.002,191993568
"2020-03-26 22:52:24",780.212,191993952
"2020-03-26 22:52:28",784.42,196180496
"2020-03-26 22:52:31",788.62,196488656
"2020-03-26 22:52:35",791.171,196489088
"2020-03-26 22:52:39",795.037,196489504
"2020-03-26 22:52:43",799.237,196489920
"2020-03-26 22:52:46",803.446,200966224
"2020-03-26 22:52:50",806.344,200966736
"2020-03-26 22:52:54",810.134,200967168
"2020-03-26 22:52:58",814.074,200967600
"2020-03-26 22:53:02",818.283,200967984
"2020-03-26 22:53:06",822.494,205435328
"2020-03-26 22:53:09",826.624,205435792
"2020-03-26 22:53:13",829.177,205436176
"2020-03-26 22:53:17",833.031,205436592
"2020-03-26 22:53:21",837.242,206111728
"2020-03-26 22:53:25",841.411,209918752
"2020-03-26 22:53:29",845.081,209919200
"2020-03-26 22:53:33",849.078,209919664
"2020-03-26 22:53:37",853.248,209919984
"2020-03-26 22:53:41",857.417,214010288
"2020-03-26 22:53:44",861.626,214391376
"2020-03-26 22:53:48",864.165,214391872
"2020-03-26 22:53:52",868.235,214392320
"2020-03-26 22:53:56",872.025,214392672
"2020-03-26 22:54:00",876.144,218858128
"2020-03-26 22:54:04",880.353,218858560
"2020-03-26 22:54:07",884.563,218858944
"2020-03-26 22:54:11",887.228,218859392
"2020-03-26 22:54:15",891.019,218859840
"2020-03-26 22:54:19",895.191,223314592
"2020-03-26 22:54:23",899.4,223315040
"2020-03-26 22:54:26",903.609,223315488
"2020-03-26 22:54:30",906.182,223316000
"2020-03-26 22:54:34",910.092,224566992
"2020-03-26 22:54:38",914.077,227769936
"2020-03-26 22:54:42",918.287,227770400
"2020-03-26 22:54:45",922.496,227770800
"2020-03-26 22:54:49",925.295,227771200
"2020-03-26 22:54:53",929.086,230630288
"2020-03-26 22:54:57",933.084,232216176
"2020-03-26 22:55:01",937.293,232216720
"2020-03-26 22:55:04",941.502,232217152
"2020-03-26 22:55:08",944.288,232217648
"2020-03-26 22:55:12",948.119,236637312
"2020-03-26 22:55:16",952.091,236637856
"2020-03-26 22:55:20",956.3,236638256
"2020-03-26 22:55:23",960.509,236638672
"2020-03-26 22:55:27",963.281,236639168
"2020-03-26 22:55:31",967.072,241054144
"2020-03-26 22:55:35",971.137,241054592
"2020-03-26 22:55:39",975.347,241055024
"2020-03-26 22:55:42",979.516,241055536
"2020-03-26 22:55:46",982.275,241056016
"2020-03-26 22:55:50",986.106,245486480
"2020-03-26 22:55:54",990.104,245486944
"2020-03-26 22:55:58",994.313,245487376
"2020-03-26 22:56:01",998.523,245487872
"2020-03-26 22:56:05",1001.27,246610656
"2020-03-26 22:56:09",1005.06,249924848
"2020-03-26 22:56:13",1009.15,249925248
"2020-03-26 22:56:17",1013.32,249925664
"2020-03-26 22:56:20",1017.53,249926112
"2020-03-26 22:56:24",1020.3,252712576
"2020-03-26 22:56:28",1024.1,254371456
"2020-03-26 22:56:32",1028.11,254371936
"2020-03-26 22:56:36",1032.28,254372480
"2020-03-26 22:56:41",1036.21,254372992
"2020-03-26 22:56:45",1041.4,258830752
"2020-03-26 22:56:48",1045.6,258831248
"2020-03-26 22:56:52",1048.19,258831680
"2020-03-26 22:56:56",1052.02,258832128
"2020-03-26 22:57:00",1056.23,259312064
"2020-03-26 22:57:04",1060.44,263294400
"2020-03-26 22:57:07",1064.6,263294896
"2020-03-26 22:57:11",1067.19,263295328
"2020-03-26 22:57:15",1071.02,263295776
"2020-03-26 22:57:19",1075.19,265459824
"2020-03-26 22:57:23",1079.4,267762240
"2020-03-26 22:57:26",1083.61,267762656
"2020-03-26 22:57:30",1086.18,267763184
"2020-03-26 22:57:34",1090.03,267763600
"2020-03-26 22:57:38",1094.24,271486592
"2020-03-26 22:57:42",1098.44,272222112
"2020-03-26 22:57:45",1101.35,272222528
"2020-03-26 22:57:49",1105.15,272222976
"2020-03-26 22:57:53",1109.06,272223392
"2020-03-26 22:57:57",1113.27,276697024
"2020-03-26 22:58:00",1117.48,276697504
"2020-03-26 22:58:04",1120.35,276697888
"2020-03-26 22:58:08",1124.14,276698368
"2020-03-26 22:58:12",1128.03,276698816
"2020-03-26 22:58:16",1132.24,281173408
"2020-03-26 22:58:20",1136.45,281173920
"2020-03-26 22:58:24",1140.06,281174368
"2020-03-26 22:58:28",1144.27,281174848
"2020-03-26 22:58:31",1148.48,282585664
"2020-03-26 22:58:35",1151.31,285643072
"2020-03-26 22:58:39",1155.1,285643488
"2020-03-26 22:58:43",1159.06,285643936
"2020-03-26 22:58:47",1163.27,285644384
"2020-03-26 22:58:50",1167.46,288704096
"2020-03-26 22:58:54",1170.33,290106656
"2020-03-26 22:58:59",1174.12,290107200
"2020-03-26 22:59:02",1179.49,290107648
"2020-03-26 22:59:06",1182.34,290108064
"2020-03-26 22:59:10",1186.17,294569664
"2020-03-26 22:59:14",1190.04,294570208
"2020-03-26 22:59:18",1194.24,294570688
"2020-03-26 22:59:22",1198.41,294571104
"2020-03-26 22:59:25",1202.62,294571520
"2020-03-26 22:59:29",1205.17,299038720
"2020-03-26 22:59:33",1209.04,299039168
"2020-03-26 22:59:37",1213.24,299039520
"2020-03-26 22:59:40",1217.45,299039904
"2020-03-26 22:59:44",1220.34,299811808
"2020-03-26 22:59:48",1224.13,303492864
"2020-03-26 22:59:52",1228.08,303493376
"2020-03-26 22:59:56",1232.29,303493824
"2020-03-26 23:00:00",1236.5,303494240
"2020-03-26 23:00:03",1240.63,306044704
"2020-03-26 23:00:07",1243.2,307924160
"2020-03-26 23:00:11",1247.03,307924608
"2020-03-26 23:00:15",1251.17,307925088
"2020-03-26 23:00:19",1255.22,307925536
"2020-03-26 23:00:23",1259.01,312359552
"2020-03-26 23:00:27",1263.2,312360032
"2020-03-26 23:00:31",1267.37,312360544
"2020-03-26 23:00:34",1271.57,312360960
"2020-03-26 23:00:38",1274.21,312361408
"2020-03-26 23:00:42",1278.01,316801312
"2020-03-26 23:00:46",1282.19,316801792
"2020-03-26 23:00:50",1286.4,316802304
"2020-03-26 23:00:53",1290.61,316802688
"2020-03-26 23:00:57",1293.18,317180288
"2020-03-26 23:01:01",1297.03,321239360
"2020-03-26 23:01:05",1301.24,321239776
"2020-03-26 23:01:09",1305.41,321240224
"2020-03-26 23:01:12",1309.62,321240640
"2020-03-26 23:01:16",1312.17,323186560
"2020-03-26 23:01:20",1316.04,325671008
"2020-03-26 23:01:24",1320.25,325671424
"2020-03-26 23:01:28",1324.46,325671936
"2020-03-26 23:01:31",1328.62,325672352
"2020-03-26 23:01:35",1331.17,329293248
"2020-03-26 23:01:39",1335.04,330109440
"2020-03-26 23:01:43",1339.19,330109920
"2020-03-26 23:01:47",1343.4,330110304
"2020-03-26 23:01:50",1347.61,330110816
"2020-03-26 23:01:54",1350.18,334553888
"2020-03-26 23:01:58",1354.03,334554400
"2020-03-26 23:02:02",1358.24,334554880
"2020-03-26 23:02:05",1362.45,334555360
"2020-03-26 23:02:09",1365.34,334555776
"2020-03-26 23:02:13",1369.13,339016160
"2020-03-26 23:02:17",1373.08,339016640
"2020-03-26 23:02:21",1377.29,339017152
"2020-03-26 23:02:24",1381.45,339017632
"2020-03-26 23:02:28",1384.33,339067104
"2020-03-26 23:02:32",1388.13,343505312
"2020-03-26 23:02:37",1392.08,343505856
"2020-03-26 23:02:40",1397.59,343506272
"2020-03-26 23:02:44",1400.2,343506784
"2020-03-26 23:02:48",1404.07,346894112
"2020-03-26 23:02:52",1408.14,348013568
"2020-03-26 23:02:56",1412.31,348014048
"2020-03-26 23:02:59",1416.48,348014464
"2020-03-26 23:03:03",1419.31,348014880
"2020-03-26 23:03:07",1423.1,352502080
"2020-03-26 23:03:11",1427.11,352502592
"2020-03-26 23:03:15",1431.32,352503008
"2020-03-26 23:03:19",1435.53,352503520
"2020-03-26 23:03:23",1439.14,352503936
"2020-03-26 23:03:27",1443.34,356996736
"2020-03-26 23:03:30",1447.56,356997184
"2020-03-26 23:03:34",1450.25,356997600
"2020-03-26 23:03:38",1454.05,356998048
"2020-03-26 23:03:42",1458.16,358289504
"2020-03-26 23:03:46",1462.37,361470976
"2020-03-26 23:03:49",1466.58,361471488
"2020-03-26 23:03:53",1469.21,361471968
"2020-03-26 23:03:57",1473,361472384
"2020-03-26 23:04:01",1477.21,364424864
"2020-03-26 23:04:05",1481.42,365939680
"2020-03-26 23:04:08",1485.63,365940160
"2020-03-26 23:04:12",1488.16,365940640
"2020-03-26 23:04:16",1492.05,365941088
"2020-03-26 23:04:20",1496.26,370394336
"2020-03-26 23:04:23",1500.46,370394880
"2020-03-26 23:04:27",1503.32,370395296
"2020-03-26 23:04:31",1507.12,370395712
"2020-03-26 23:04:35",1511.09,370396128
"2020-03-26 23:04:39",1515.3,374852896
"2020-03-26 23:04:42",1519.51,374853440
"2020-03-26 23:04:46",1522.28,374853888
"2020-03-26 23:04:50",1526.07,374854400
"2020-03-26 23:04:54",1530.14,374854944
"2020-03-26 23:04:58",1534.35,379314592
"2020-03-26 23:05:01",1538.53,379315072
"2020-03-26 23:05:05",1541.26,379315520
"2020-03-26 23:05:09",1545.05,379315904
"2020-03-26 23:05:13",1549.16,380003104
"2020-03-26 23:05:17",1553.36,383763744
"2020-03-26 23:05:20",1557.57,383764192
"2020-03-26 23:05:24",1560.22,383764704
"2020-03-26 23:05:28",1564.01,383765184
"2020-03-26 23:05:32",1568.2,386133376
"2020-03-26 23:05:36",1572.41,388248928
"2020-03-26 23:05:39",1576.62,388249376
"2020-03-26 23:05:43",1579.17,388249792
"2020-03-26 23:05:47",1583.04,388250272
"2020-03-26 23:05:51",1587.25,392328000
"2020-03-26 23:05:54",1591.46,392727488
"2020-03-26 23:05:58",1594.33,392728032
"2020-03-26 23:06:02",1598.12,392728512
"2020-03-26 23:06:06",1602.09,392728960
"2020-03-26 23:06:10",1606.3,397198528
"2020-03-26 23:06:13",1610.51,397199040
"2020-03-26 23:06:17",1613.28,397199456
"2020-03-26 23:06:21",1617.07,397199968
"2020-03-26 23:06:25",1621.13,397200416
"2020-03-26 23:06:29",1625.34,401647328
"2020-03-26 23:06:32",1629.54,401647904
"2020-03-26 23:06:36",1632.25,401648352
"2020-03-26 23:06:40",1636.04,401648768
"2020-03-26 23:06:44",1640.17,401828768
"2020-03-26 23:06:48",1644.38,406112960
"2020-03-26 23:06:51",1648.59,406113472
"2020-03-26 23:06:55",1651.2,406113952
"2020-03-26 23:06:59",1655.01,406114368
"2020-03-26 23:07:03",1659.22,407982528
"2020-03-26 23:07:07",1663.43,410573920
"2020-03-26 23:07:10",1667.64,410574336
"2020-03-26 23:07:14",1670.16,410574752
"2020-03-26 23:07:18",1674.05,410575232
"2020-03-26 23:07:22",1678.26,414148640
"2020-03-26 23:07:25",1682.46,415045536
"2020-03-26 23:07:29",1685.33,415046016
"2020-03-26 23:07:33",1689.12,415046496
"2020-03-26 23:07:37",1693.09,415046912
"2020-03-26 23:07:41",1697.3,419513984
"2020-03-26 23:07:44",1701.51,419514560
"2020-03-26 23:07:48",1704.28,419515072
"2020-03-26 23:07:52",1708.07,419515552
"2020-03-26 23:07:56",1712.13,419516000
"2020-03-26 23:08:00",1716.34,423985536
"2020-03-26 23:08:03",1720.55,423986016
"2020-03-26 23:08:07",1723.24,423986432
"2020-03-26 23:08:11",1727.04,423986848
"2020-03-26 23:08:15",1731.17,424178528
"2020-03-26 23:08:19",1735.38,428469600
"2020-03-26 23:08:22",1739.59,428470144
"2020-03-26 23:08:26",1742.2,428470656
"2020-03-26 23:08:30",1746.01,428471104
"2020-03-26 23:08:34",1750.22,430143872
"2020-03-26 23:08:38",1754.43,432937184
"2020-03-26 23:08:41",1758.64,432937696
"2020-03-26 23:08:45",1761.15,432938112
"2020-03-26 23:08:49",1765.06,432938560
"2020-03-26 23:08:53",1769.27,436248608
"2020-03-26 23:08:56",1773.48,437399264
"2020-03-26 23:09:00",1776.31,437399744
"2020-03-26 23:09:04",1780.1,437400128
"2020-03-26 23:09:08",1784.11,437400576
"2020-03-26 23:09:12",1788.32,441848384
"2020-03-26 23:09:15",1792.53,441848992
"2020-03-26 23:09:19",1795.27,441849504
"2020-03-26 23:09:23",1799.06,441849952
"2020-03-26 23:09:27",1803.15,441850432
"2020-03-26 23:09:31",1807.36,446301088
"2020-03-26 23:09:34",1811.57,446301568
"2020-03-26 23:09:38",1814.22,446302048
"2020-03-26 23:09:42",1818.01,446302464
"2020-03-26 23:09:46",1822.2,446302944
"2020-03-26 23:09:50",1826.41,450749248
"2020-03-26 23:09:53",1830.62,450749728
"2020-03-26 23:09:57",1833.17,450750208
"2020-03-26 23:10:01",1837.04,450750656
"2020-03-26 23:10:05",1841.24,451914208
"2020-03-26 23:10:08",1845.45,455200864
"2020-03-26 23:10:12",1848.34,455201376
"2020-03-26 23:10:16",1852.13,455201856
"2020-03-26 23:10:20",1856.08,455202304
"2020-03-26 23:10:24",1860.25,458113664
"2020-03-26 23:10:27",1864.46,459662560
"2020-03-26 23:10:31",1867.33,459663072
"2020-03-26 23:10:35",1871.12,459663520
"2020-03-26 23:10:39",1875.09,459664000
"2020-03-26 23:10:43",1879.3,464134432
"2020-03-26 23:10:46",1883.51,464134976
"2020-03-26 23:10:50",1886.28,464135392
"2020-03-26 23:10:54",1890.07,464135808
"2020-03-26 23:10:58",1894.14,464136224
"2020-03-26 23:11:02",1898.35,468604096
"2020-03-26 23:11:05",1902.55,468604640
"2020-03-26 23:11:09",1905.25,468605120
"2020-03-26 23:11:13",1909.04,468605568
"2020-03-26 23:11:17",1913.17,468606016
"2020-03-26 23:11:21",1917.38,473083776
"2020-03-26 23:11:24",1921.59,473084320
"2020-03-26 23:11:28",1924.2,473084768
"2020-03-26 23:11:32",1928.01,473085216
"2020-03-26 23:11:36",1932.2,474241376
"2020-03-26 23:11:40",1936.41,477555072
"2020-03-26 23:11:43",1940.62,477555584
"2020-03-26 23:11:47",1943.17,477555968
"2020-03-26 23:11:51",1947.04,477556448
"2020-03-26 23:11:55",1951.25,480365664
"2020-03-26 23:11:58",1955.44,482022240
"2020-03-26 23:12:02",1958.34,482022656
"2020-03-26 23:12:06",1962.14,482023168
"2020-03-26 23:12:10",1966.07,482023616
"2020-03-26 23:12:14",1970.28,486474976
"2020-03-26 23:12:17",1974.48,486475616
"2020-03-26 23:12:21",1977.31,486476064
"2020-03-26 23:12:25",1981.1,486476448
"2020-03-26 23:12:29",1985.11,486476928
"2020-03-26 23:12:33",1989.32,490927200
"2020-03-26 23:12:36",1993.53,490927680
"2020-03-26 23:12:40",1996.26,490928256
"2020-03-26 23:12:44",2000.05,490928768
"2020-03-26 23:12:48",2004.16,490929216
"2020-03-26 23:12:52",2008.37,495379296
"2020-03-26 23:12:55",2012.57,495379776
"2020-03-26 23:12:59",2015.22,495380288
"2020-03-26 23:13:03",2019.02,495380800
"2020-03-26 23:13:07",2023.19,496460544
"2020-03-26 23:13:11",2027.39,499848288
"2020-03-26 23:13:14",2031.6,499848704
"2020-03-26 23:13:18",2034.19,499849216
"2020-03-26 23:13:22",2038.02,499849632
"2020-03-26 23:13:26",2042.23,502592832
"2020-03-26 23:13:30",2046.44,504314336
"2020-03-26 23:13:33",2050.64,504314784
"2020-03-26 23:13:37",2053.15,504315264
"2020-03-26 23:13:41",2057.06,504315712
"2020-03-26 23:13:45",2061.27,508749696
"2020-03-26 23:13:48",2065.47,508778432
"2020-03-26 23:13:52",2068.32,508778912
"2020-03-26 23:13:56",2072.11,508779360
"2020-03-26 23:14:00",2076.09,508779776
"2020-03-26 23:14:04",2080.3,513235008
"2020-03-26 23:14:07",2084.47,513235616
"2020-03-26 23:14:11",2087.32,513236128
"2020-03-26 23:14:15",2091.11,513236608
"2020-03-26 23:14:19",2095.1,513237056
"2020-03-26 23:14:23",2099.27,517665344
"2020-03-26 23:14:26",2103.48,517665792
"2020-03-26 23:14:30",2106.31,517666272
"2020-03-26 23:14:34",2110.1,517666688
"2020-03-26 23:14:38",2114.11,518579200
"2020-03-26 23:14:42",2118.32,522112608
"2020-03-26 23:14:45",2122.53,522113056
"2020-03-26 23:14:49",2125.26,522113536
"2020-03-26 23:14:53",2129.06,522113920
"2020-03-26 23:14:57",2133.16,524584352
"2020-03-26 23:15:01",2137.36,526579424
"2020-03-26 23:15:04",2141.53,526579904
"2020-03-26 23:15:08",2144.26,526580352
"2020-03-26 23:15:12",2148.08,526580736
"2020-03-26 23:15:16",2152.13,530782400
"2020-03-26 23:15:20",2156.34,531054080
"2020-03-26 23:15:23",2160.55,531054592
"2020-03-26 23:15:27",2163.24,531055040
"2020-03-26 23:15:31",2167.03,531055520
"2020-03-26 23:15:35",2171.18,535535488
"2020-03-26 23:15:39",2175.39,535536000
"2020-03-26 23:15:42",2179.6,535536480
"2020-03-26 23:15:46",2182.19,535536928
"2020-03-26 23:15:50",2186.01,535537344
"2020-03-26 23:15:54",2190.22,540023424
"2020-03-26 23:15:58",2194.43,540023936
"2020-03-26 23:16:01",2198.64,540024384
"2020-03-26 23:16:05",2201.15,540024832
"2020-03-26 23:16:09",2205.02,540611776
"2020-03-26 23:16:13",2209.23,544518080
"2020-03-26 23:16:16",2213.44,544518592
"2020-03-26 23:16:20",2216.35,544519104
"2020-03-26 23:16:24",2220.14,544519552
"2020-03-26 23:16:28",2224.03,546760896
"2020-03-26 23:16:32",2228.24,549018112
"2020-03-26 23:16:35",2232.45,549018624
"2020-03-26 23:16:39",2235.34,549019072
"2020-03-26 23:16:43",2239.14,549019584
"2020-03-26 23:16:47",2243.07,552717248
"2020-03-26 23:16:51",2247.28,553495296
"2020-03-26 23:16:54",2251.49,553495744
"2020-03-26 23:16:58",2254.3,553496256
"2020-03-26 23:17:02",2258.09,553496768
"2020-03-26 23:17:06",2262.12,557972544
"2020-03-26 23:17:10",2266.33,557973056
"2020-03-26 23:17:13",2270.54,557973504
"2020-03-26 23:17:17",2273.25,557974016
"2020-03-26 23:17:21",2277.04,557974464
"2020-03-26 23:17:25",2281.17,562445248
"2020-03-26 23:17:29",2285.38,562445760
"2020-03-26 23:17:32",2289.59,562446208
"2020-03-26 23:17:36",2292.2,562446656
"2020-03-26 23:17:40",2296,562447168
"2020-03-26 23:17:44",2300.22,566918976
"2020-03-26 23:17:48",2304.39,566919424
"2020-03-26 23:17:51",2308.59,566919872
"2020-03-26 23:17:55",2311.2,566920320
"2020-03-26 23:17:59",2315.01,568456640
"2020-03-26 23:18:03",2319.22,571368896
"2020-03-26 23:18:07",2323.43,571369408
"2020-03-26 23:18:10",2327.64,571369920
"2020-03-26 23:18:14",2330.15,571370368
"2020-03-26 23:18:18",2334.02,574466432
"2020-03-26 23:18:22",2338.23,575809792
"2020-03-26 23:18:26",2342.44,575810240
"2020-03-26 23:18:29",2346.64,575810688
"2020-03-26 23:18:33",2349.15,575811200
"2020-03-26 23:18:37",2353.06,580284544
"2020-03-26 23:18:41",2357.27,580285120
"2020-03-26 23:18:44",2361.48,580285632
"2020-03-26 23:18:49",2364.32,580286208
"2020-03-26 23:18:53",2369.29,580286656
"2020-03-26 23:18:56",2373.5,584760768
"2020-03-26 23:19:00",2376.29,584761280
"2020-03-26 23:19:04",2380.08,584761728
"2020-03-26 23:19:08",2384.13,584762112
"2020-03-26 23:19:12",2388.34,585286144
"2020-03-26 23:19:15",2392.55,589222784
"2020-03-26 23:19:19",2395.24,589223296
"2020-03-26 23:19:23",2399.03,589223808
"2020-03-26 23:19:27",2403.18,589224192
"2020-03-26 23:19:31",2407.39,591298752
"2020-03-26 23:19:34",2411.6,593693248
"2020-03-26 23:19:38",2414.21,593693760
"2020-03-26 23:19:42",2418,593694272
"2020-03-26 23:19:46",2422.21,593694720
"2020-03-26 23:19:50",2426.42,597321088
"2020-03-26 23:19:53",2430.63,598174016
"2020-03-26 23:19:57",2433.2,598174528
"2020-03-26 23:20:01",2437.01,598175040
"2020-03-26 23:20:05",2441.22,598175424
"2020-03-26 23:20:09",2445.43,602613696
"2020-03-26 23:20:13",2449.64,602614400
"2020-03-26 23:20:17",2453.01,602614848
"2020-03-26 23:20:21",2457.22,602615296
"2020-03-26 23:20:25",2461.43,603049728
"2020-03-26 23:20:30",2465.6,606991552
"2020-03-26 23:20:34",2470.5,606992128
"2020-03-26 23:20:37",2474.55,606992576
"2020-03-26 23:20:41",2477.28,606993024
"2020-03-26 23:20:46",2481.07,611389760
"2020-03-26 23:20:49",2486.54,611390272
"2020-03-26 23:20:53",2489.29,611390784
"2020-03-26 23:20:57",2493.08,611391232
"2020-03-26 23:21:01",2497.13,611391744
"2020-03-26 23:21:05",2501.34,615792128
"2020-03-26 23:21:08",2505.55,615792640
"2020-03-26 23:21:12",2508.24,615793216
"2020-03-26 23:21:16",2512.03,615793664
"2020-03-26 23:21:20",2516.18,617241920
"2020-03-26 23:21:24",2520.39,620221504
"2020-03-26 23:21:28",2524.44,620221952
"2020-03-26 23:21:31",2528.61,620222400
"2020-03-26 23:21:35",2531.26,620222848
"2020-03-26 23:21:39",2535.06,623796160
"2020-03-26 23:21:43",2539.15,624637120
"2020-03-26 23:21:47",2543.32,624637568
"2020-03-26 23:21:51",2547.38,624638016
"2020-03-26 23:21:54",2551.59,624638528
"2020-03-26 23:21:58",2554.2,629073792
"2020-03-26 23:22:02",2558.11,629074304
"2020-03-26 23:22:06",2562.1,629074752
"2020-03-26 23:22:10",2566.31,629075200
"2020-03-26 23:22:13",2570.52,629075776
"2020-03-26 23:22:17",2573.27,633519296
"2020-03-26 23:22:21",2577.06,633519872
"2020-03-26 23:22:25",2581.07,633520320
"2020-03-26 23:22:29",2585.28,633520832
"2020-03-26 23:22:32",2589.49,634149504
"2020-03-26 23:22:36",2592.31,637998528
"2020-03-26 23:22:40",2596.1,637999040
"2020-03-26 23:22:44",2600.11,637999488
"2020-03-26 23:22:48",2604.32,637999936
"2020-03-26 23:22:51",2608.53,640139776
"2020-03-26 23:22:55",2611.26,642455424
"2020-03-26 23:22:59",2615.05,642455936
"2020-03-26 23:23:03",2619.16,642456448
"2020-03-26 23:23:07",2623.37,642456896
"2020-03-26 23:23:10",2627.58,646212032
"2020-03-26 23:23:14",2630.25,646917440
"2020-03-26 23:23:18",2634.04,646917888
"2020-03-26 23:23:22",2638.17,646918464
"2020-03-26 23:23:26",2642.33,646918912
"2020-03-26 23:23:29",2646.54,651365632
"2020-03-26 23:23:33",2649.25,651366272
"2020-03-26 23:23:37",2653.04,651366720
"2020-03-26 23:23:41",2657.17,651367296
"2020-03-26 23:23:45",2661.22,651367808
"2020-03-26 23:23:49",2665.01,655825280
"2020-03-26 23:23:54",2669.2,655825856
"2020-03-26 23:23:58",2674.17,655826432
"2020-03-26 23:24:02",2678.34,655826944
"2020-03-26 23:24:05",2682.55,659891712
"2020-03-26 23:24:09",2685.24,660275776
"2020-03-26 23:24:13",2689.04,660276288
"2020-03-26 23:24:17",2693.17,660276736
"2020-03-26 23:24:21",2697.38,660277312
"2020-03-26 23:24:24",2701.58,664723392
"2020-03-26 23:24:28",2704.21,664723968
"2020-03-26 23:24:33",2708.08,664724544
"2020-03-26 23:24:36",2713.53,664725056
"2020-03-26 23:24:41",2716.3,666541760
"2020-03-26 23:24:45",2721.31,669157632
"2020-03-26 23:24:48",2725.52,669158080
"2020-03-26 23:24:52",2728.27,669158592
"2020-03-26 23:24:56",2732.07,669158976
"2020-03-26 23:25:00",2736.14,672649856
"2020-03-26 23:25:04",2740.35,673625856
"2020-03-26 23:25:07",2744.56,673626304
"2020-03-26 23:25:11",2747.27,673626880
"2020-03-26 23:25:15",2751.06,673627328
"2020-03-26 23:25:20",2755.1,678080896
"2020-03-26 23:25:23",2760.61,678081408
"2020-03-26 23:25:27",2763.18,678081856
"2020-03-26 23:25:31",2767.03,678082304
"2020-03-26 23:25:35",2771.24,678082752
"2020-03-26 23:25:39",2775.45,682558848
"2020-03-26 23:25:42",2779.62,682559424
"2020-03-26 23:25:46",2782.17,682559872
"2020-03-26 23:25:50",2786,682560384
"2020-03-26 23:25:54",2790.17,684319424
"2020-03-26 23:25:58",2794.34,687019392
"2020-03-26 23:26:01",2798.55,687019840
"2020-03-26 23:26:05",2801.24,687020352
"2020-03-26 23:26:09",2805.11,687020864
"2020-03-26 23:26:13",2809.09,690547072
"2020-03-26 23:26:17",2813.26,691468224
"2020-03-26 23:26:20",2817.47,691468800
"2020-03-26 23:26:24",2820.32,691469248
"2020-03-26 23:26:28",2824.11,691469696
"2020-03-26 23:26:32",2828.1,695920768
"2020-03-26 23:26:36",2832.27,695921280
"2020-03-26 23:26:39",2836.48,695921728
"2020-03-26 23:26:43",2839.31,695922176
"2020-03-26 23:26:47",2843.14,695922752
"2020-03-26 23:26:51",2847.03,700390464
"2020-03-26 23:26:55",2851.24,700390976
"2020-03-26 23:26:58",2855.44,700391488
"2020-03-26 23:27:02",2858.35,700391936
"2020-03-26 23:27:06",2862.14,700415104
"2020-03-26 23:27:10",2866.07,704854720
"2020-03-26 23:27:14",2870.19,704855232
"2020-03-26 23:27:18",2874.3,704855744
"2020-03-26 23:27:21",2878.51,704856256
"2020-03-26 23:27:25",2881.28,706880320
"2020-03-26 23:27:29",2885.07,709302656
"2020-03-26 23:27:33",2889.14,709303168
"2020-03-26 23:27:37",2893.35,709303616
"2020-03-26 23:27:40",2897.56,709304192
"2020-03-26 23:27:44",2900.23,712861376
"2020-03-26 23:27:48",2904.02,713751872
"2020-03-26 23:27:52",2908.15,713752320
"2020-03-26 23:27:56",2912.36,713752832
"2020-03-26 23:27:59",2916.57,713753344
"2020-03-26 23:28:03",2919.22,718198976
"2020-03-26 23:28:07",2923.09,718199488
"2020-03-26 23:28:11",2927.08,718199936
"2020-03-26 23:28:15",2931.28,718200384
"2020-03-26 23:28:19",2935.46,718200896
"2020-03-26 23:28:22",2939.62,722644416
"2020-03-26 23:28:26",2942.18,722644800
"2020-03-26 23:28:30",2946.03,722645312
"2020-03-26 23:28:34",2950.23,722645760
"2020-03-26 23:28:38",2954.4,723208512
"2020-03-26 23:28:41",2958.57,727082816
"2020-03-26 23:28:45",2961.26,727083328
"2020-03-26 23:28:49",2965.05,727083776
"2020-03-26 23:28:53",2969.12,727084288
"2020-03-26 23:28:57",2973.33,729383168
"2020-03-26 23:29:00",2977.54,731531520
"2020-03-26 23:29:04",2980.28,731532096
"2020-03-26 23:29:08",2984.09,731532544
"2020-03-26 23:29:12",2988.11,731533056
"2020-03-26 23:29:16",2992.32,735624768
"2020-03-26 23:29:19",2996.53,735983616
"2020-03-26 23:29:23",2999.26,735984128
"2020-03-26 23:29:27",3003.05,735984640
"2020-03-26 23:29:31",3007.16,735985216
"2020-03-26 23:29:35",3011.37,740443776
"2020-03-26 23:29:38",3015.58,740444288
"2020-03-26 23:29:42",3018.21,740444800
"2020-03-26 23:29:46",3022,740445312
"2020-03-26 23:29:50",3026.21,740445760
"2020-03-26 23:29:54",3030.42,744895232
"2020-03-26 23:29:57",3034.62,744895744
"2020-03-26 23:30:01",3037.17,744896320
"2020-03-26 23:30:05",3041.04,744896768
"2020-03-26 23:30:09",3045.24,745613760
"2020-03-26 23:30:13",3049.43,749345664
"2020-03-26 23:30:16",3053.64,749346176
"2020-03-26 23:30:20",3056.15,749346624
"2020-03-26 23:30:24",3060.06,749347136
"2020-03-26 23:30:28",3064.27,751664320
"2020-03-26 23:30:31",3068.47,753785472
"2020-03-26 23:30:35",3071.32,753785984
"2020-03-26 23:30:39",3075.11,753786432
"2020-03-26 23:30:43",3079.1,753786944
"2020-03-26 23:30:47",3083.31,757779072
"2020-03-26 23:30:50",3087.51,758230464
"2020-03-26 23:30:54",3090.28,758230976
"2020-03-26 23:30:58",3094.07,758231488
"2020-03-26 23:31:02",3098.14,758231936
"2020-03-26 23:31:06",3102.34,762673536
"2020-03-26 23:31:09",3106.55,762674112
"2020-03-26 23:31:13",3109.24,762674624
"2020-03-26 23:31:17",3113.03,762675072
"2020-03-26 23:31:21",3117.18,762675584
"2020-03-26 23:31:25",3121.39,767108864
"2020-03-26 23:31:28",3125.6,767109248
"2020-03-26 23:31:32",3128.19,767109760
"2020-03-26 23:31:36",3132.02,767110272
"2020-03-26 23:31:40",3136.22,767572288
"2020-03-26 23:31:44",3140.43,771574080
"2020-03-26 23:31:47",3144.64,771574592
"2020-03-26 23:31:51",3147.15,771575104
"2020-03-26 23:31:55",3151.06,771575680
"2020-03-26 23:31:59",3155.27,773682688
"2020-03-26 23:32:02",3159.47,776096768
"2020-03-26 23:32:06",3162.33,776097280
"2020-03-26 23:32:10",3166.12,776097792
"2020-03-26 23:32:14",3170.09,776098304
"2020-03-26 23:32:18",3174.3,779711360
"2020-03-26 23:32:21",3178.51,780594048
"2020-03-26 23:32:25",3181.28,780594560
"2020-03-26 23:32:29",3185.07,780595008
"2020-03-26 23:32:33",3189.14,780595520
"2020-03-26 23:32:37",3193.35,785074112
"2020-03-26 23:32:40",3197.56,785074688
"2020-03-26 23:32:44",3200.23,785075136
"2020-03-26 23:32:48",3204.02,785075584
"2020-03-26 23:32:52",3208.19,785076032
"2020-03-26 23:32:56",3212.4,789539456
"2020-03-26 23:32:59",3216.6,789540032
"2020-03-26 23:33:03",3219.19,789540544
"2020-03-26 23:33:07",3223.02,789541120
"2020-03-26 23:33:11",3227.23,789541632
"2020-03-26 23:33:14",3231.44,794008192
"2020-03-26 23:33:18",3234.35,794008768
"2020-03-26 23:33:22",3238.14,794009280
"2020-03-26 23:33:26",3242.07,794009728
"2020-03-26 23:33:30",3246.28,795157824
"2020-03-26 23:33:33",3250.49,798454912
"2020-03-26 23:33:37",3253.3,798455424
"2020-03-26 23:33:41",3257.09,798455936
"2020-03-26 23:33:45",3261.12,798456448
"2020-03-26 23:33:49",3265.32,801094080
"2020-03-26 23:33:52",3269.54,802901312
"2020-03-26 23:33:56",3272.25,802901824
"2020-03-26 23:34:00",3276.05,802902272
"2020-03-26 23:34:04",3280.16,802902784
"2020-03-26 23:34:08",3284.37,806954944
"2020-03-26 23:34:11",3288.58,807325952
"2020-03-26 23:34:15",3291.21,807326464
"2020-03-26 23:34:19",3295,807326976
"2020-03-26 23:34:23",3299.21,807327488
"2020-03-26 23:34:27",3303.42,811734016
"2020-03-26 23:34:30",3307.63,811734528
"2020-03-26 23:34:34",3310.16,811735040
"2020-03-26 23:34:38",3314.05,811735552
"2020-03-26 23:34:42",3318.26,811736064
"2020-03-26 23:34:45",3322.47,816153216
"2020-03-26 23:34:49",3325.32,816153792
"2020-03-26 23:34:53",3329.12,816154240
"2020-03-26 23:34:57",3333.09,816154752
"2020-03-26 23:35:01",3337.3,816352512
"2020-03-26 23:35:04",3341.51,820577792
"2020-03-26 23:35:08",3344.28,820578304
"2020-03-26 23:35:12",3348.07,820578752
"2020-03-26 23:35:16",3352.14,820579200
"2020-03-26 23:35:20",3356.35,822441728
"2020-03-26 23:35:23",3360.56,825014912
"2020-03-26 23:35:27",3363.23,825015424
"2020-03-26 23:35:31",3367.02,825015872
"2020-03-26 23:35:35",3371.19,825016384
"2020-03-26 23:35:39",3375.4,828919872
"2020-03-26 23:35:43",3379.44,829461504
"2020-03-26 23:35:46",3382.35,829462080
"2020-03-26 23:35:50",3386.15,829462528
"2020-03-26 23:35:54",3390.06,829463040
"2020-03-26 23:35:58",3394.27,833910656
"2020-03-26 23:36:01",3398.48,833911296
"2020-03-26 23:36:05",3401.31,833911744
"2020-03-26 23:36:09",3405.1,833912192
"2020-03-26 23:36:13",3409.11,833912704
"2020-03-26 23:36:17",3413.32,838364224
"2020-03-26 23:36:20",3417.52,838364800
"2020-03-26 23:36:24",3420.27,838365312
"2020-03-26 23:36:28",3424.06,838365824
"2020-03-26 23:36:32",3428.15,838817280
"2020-03-26 23:36:36",3432.36,842826560
"2020-03-26 23:36:39",3436.57,842827072
"2020-03-26 23:36:43",3439.23,842827584
"2020-03-26 23:36:47",3443.01,842828096
"2020-03-26 23:36:51",3447.19,844893376
"2020-03-26 23:36:55",3451.39,847283456
"2020-03-26 23:36:58",3455.6,847283904
"2020-03-26 23:37:02",3458.19,847284416
"2020-03-26 23:37:06",3462.02,847284864
"2020-03-26 23:37:10",3466.23,850949888
"2020-03-26 23:37:13",3470.44,851726464
"2020-03-26 23:37:17",3473.35,851726912
"2020-03-26 23:37:21",3477.14,851727424
"2020-03-26 23:37:25",3481.07,851727936
"2020-03-26 23:37:29",3485.28,856188288
"2020-03-26 23:37:32",3489.49,856188800
"2020-03-26 23:37:36",3492.3,856189376
"2020-03-26 23:37:40",3496.09,856189824
"2020-03-26 23:37:44",3500.12,856190336
"2020-03-26 23:37:48",3504.32,860657280
"2020-03-26 23:37:51",3508.53,860657856
"2020-03-26 23:37:55",3511.26,860658304
"2020-03-26 23:37:59",3515.05,860658752
"2020-03-26 23:38:03",3519.16,860741952
"2020-03-26 23:38:07",3523.37,865121280
"2020-03-26 23:38:10",3527.56,865121856
"2020-03-26 23:38:14",3530.23,865122368
"2020-03-26 23:38:18",3534.02,865122880
"2020-03-26 23:38:22",3538.19,866904832
"2020-03-26 23:38:26",3542.4,869574656
"2020-03-26 23:38:29",3546.61,869575104
"2020-03-26 23:38:33",3549.18,869575552
"2020-03-26 23:38:37",3553.03,869576000
"2020-03-26 23:38:41",3557.24,873060224
"2020-03-26 23:38:45",3561.44,874055488
"2020-03-26 23:38:48",3565.64,874056000
"2020-03-26 23:38:52",3568.15,874056512
"2020-03-26 23:38:56",3572.06,874056960
"2020-03-26 23:39:00",3576.27,878525440
"2020-03-26 23:39:03",3580.48,878526016
"2020-03-26 23:39:07",3583.31,878526400
"2020-03-26 23:39:11",3587.1,878526912
"2020-03-26 23:39:15",3591.11,878527424
"2020-03-26 23:39:19",3595.32,882981888
"2020-03-26 23:39:22",3599.53,882982400
"2020-03-26 23:39:26",3602.26,882982848
"2020-03-26 23:39:30",3606.05,882983296
"2020-03-26 23:39:34",3610.16,882983808
"2020-03-26 23:39:38",3614.36,887433664
"2020-03-26 23:39:41",3618.57,887434240
"2020-03-26 23:39:45",3621.22,887434752
"2020-03-26 23:39:49",3625.01,887435200
"2020-03-26 23:39:53",3629.2,889083584
"2020-03-26 23:39:57",3633.4,891913344
"2020-03-26 23:40:00",3637.61,891913856
"2020-03-26 23:40:04",3640.18,891914368
"2020-03-26 23:40:08",3644.03,891914880
"2020-03-26 23:40:12",3648.24,895207936
"2020-03-26 23:40:16",3652.45,896396224
"2020-03-26 23:40:19",3656.5,896396736
"2020-03-26 23:40:23",3659.29,896397120
"2020-03-26 23:40:27",3663.08,896397568
"2020-03-26 23:40:31",3667.13,900888384
"2020-03-26 23:40:35",3671.34,900888960
"2020-03-26 23:40:38",3675.54,900889408
"2020-03-26 23:40:42",3678.25,900889984
"2020-03-26 23:40:46",3682.04,900890432
"2020-03-26 23:40:50",3686.17,905366528
"2020-03-26 23:40:54",3690.38,905367104
"2020-03-26 23:40:57",3694.59,905367616
"2020-03-26 23:41:01",3697.2,905368128
"2020-03-26 23:41:05",3701.01,905427264
"2020-03-26 23:41:09",3705.22,909826304
"2020-03-26 23:41:13",3709.43,909826816
"2020-03-26 23:41:16",3713.64,909827328
"2020-03-26 23:41:20",3716.15,909827840
"2020-03-26 23:41:24",3720.06,911536064
"2020-03-26 23:41:28",3724.26,914270336
"2020-03-26 23:41:31",3728.47,914270848
"2020-03-26 23:41:35",3731.32,914271360
"2020-03-26 23:41:39",3735.12,914271872
"2020-03-26 23:41:43",3739.09,917656320
"2020-03-26 23:41:47",3743.27,918725184
"2020-03-26 23:41:50",3747.48,918725696
"2020-03-26 23:41:54",3750.31,918726144
"2020-03-26 23:41:58",3754.1,918726656
"2020-03-26 23:42:02",3758.11,923186048
"2020-03-26 23:42:06",3762.32,923186624
"2020-03-26 23:42:09",3766.53,923187200
"2020-03-26 23:42:13",3769.26,923187584
"2020-03-26 23:42:17",3773.05,923188096
"2020-03-26 23:42:21",3777.16,927636608
"2020-03-26 23:42:25",3781.36,927637184
"2020-03-26 23:42:28",3785.57,927637568
"2020-03-26 23:42:32",3788.22,927638080
"2020-03-26 23:42:36",3792.01,927638528
"2020-03-26 23:42:40",3796.2,932090752
"2020-03-26 23:42:44",3800.41,932091264
"2020-03-26 23:42:47",3804.62,932091776
"2020-03-26 23:42:51",3807.17,932092224
"2020-03-26 23:42:55",3811.04,933586240
"2020-03-26 23:42:59",3815.25,936532608
"2020-03-26 23:43:02",3819.46,936533120
"2020-03-26 23:43:06",3822.33,936533568
"2020-03-26 23:43:10",3826.12,936534080
"2020-03-26 23:43:14",3830.09,939613312
"2020-03-26 23:43:18",3834.3,940964800
"2020-03-26 23:43:21",3838.51,940965376
"2020-03-26 23:43:25",3841.28,940965888
"2020-03-26 23:43:29",3845.07,940966336
"2020-03-26 23:43:33",3849.13,945401280
"2020-03-26 23:43:37",3853.29,945401792
"2020-03-26 23:43:40",3857.5,945402304
"2020-03-26 23:43:44",3860.29,945402816
"2020-03-26 23:43:48",3864.08,945403328
"2020-03-26 23:43:52",3868.13,949846848
"2020-03-26 23:43:56",3872.33,949847424
"2020-03-26 23:43:59",3876.54,949847872
"2020-03-26 23:44:03",3879.25,949848448
"2020-03-26 23:44:07",3883.04,949848960
"2020-03-26 23:44:11",3887.17,954296512
"2020-03-26 23:44:15",3891.38,954297024
"2020-03-26 23:44:18",3895.59,954297536
"2020-03-26 23:44:22",3898.21,954297984
"2020-03-26 23:44:26",3902,955739648
"2020-03-26 23:44:30",3906.17,958754112
"2020-03-26 23:44:34",3910.38,958754560
"2020-03-26 23:44:37",3914.58,958755008
"2020-03-26 23:44:41",3917.21,958755520
"2020-03-26 23:44:45",3921.12,962058624
"2020-03-26 23:44:49",3925.09,963216256
"2020-03-26 23:44:53",3929.3,963216832
"2020-03-26 23:44:56",3933.51,963217280
"2020-03-26 23:45:00",3936.28,963217728
"2020-03-26 23:45:04",3940.07,967684352
"2020-03-26 23:45:08",3944.1,967684864
"2020-03-26 23:45:12",3948.31,967685312
"2020-03-26 23:45:15",3952.52,967685824
"2020-03-26 23:45:19",3955.27,967686336
"2020-03-26 23:45:23",3959.11,972175552
"2020-03-26 23:45:27",3963.1,972176064
"2020-03-26 23:45:31",3967.31,972176512
"2020-03-26 23:45:34",3971.52,972177024
"2020-03-26 23:45:38",3974.31,972177472
"2020-03-26 23:45:42",3978.1,976671296
"2020-03-26 23:45:46",3982.11,976671808
"2020-03-26 23:45:50",3986.32,976672320
"2020-03-26 23:45:53",3990.53,976672896
"2020-03-26 23:45:57",3993.3,978101504
"2020-03-26 23:46:01",3997.09,981151360
"2020-03-26 23:46:05",4001.12,981151808
"2020-03-26 23:46:09",4005.33,981152320
"2020-03-26 23:46:12",4009.53,981152896
"2020-03-26 23:46:16",4012.25,984230208
"2020-03-26 23:46:20",4016.08,985610752
"2020-03-26 23:46:24",4020.08,985611264
"2020-03-26 23:46:28",4024.29,985611776
"2020-03-26 23:46:31",4028.5,985612288
"2020-03-26 23:46:35",4031.33,990076480
"2020-03-26 23:46:39",4035.12,990076992
"2020-03-26 23:46:43",4039.08,990077440
"2020-03-26 23:46:47",4043.29,990077952
"2020-03-26 23:46:50",4047.5,990078400
"2020-03-26 23:46:54",4050.29,994568640
"2020-03-26 23:46:58",4054.08,994569216
"2020-03-26 23:47:02",4058.09,994569792
"2020-03-26 23:47:06",4062.3,994570304
"2020-03-26 23:47:09",4066.47,994570752
"2020-03-26 23:47:13",4069.32,999058816
