JD_UTC,RV,RV_ERR,FIES_ROOM_WEBSENSOR1_TEMPERATURE_NEAR_CEILING,FIES_ROOM_WEBSENSOR1_HUMIDITY,FIES_FRONT_ROOM_WEBSENSOR2_TEMPERATURE,FIES_FRONT_ROOM_WEBSENSOR2_HUMIDITY,FIES_FRONT_ROOM_WEBSENSOR2_ILLUMINATION,FIES_INSIDE_BLACK_BOX_AT_REAR,FIES_ROOM_NEAR_CEILING_AND_FAN_CONTROL,FIES_UNDER_GRATING_IN_TANK,FIES_FRONT_ROOM,FIES_BELOW_TABLE_GIRDER,FIES_ABOVE_HEATER_RADIATOR,FIES_INSIDE_BLACK_BOX_CENTRE,FIES_ABOVE_CEILING,FIES_GRATING_TANK_HOUSING,FIES_INSIDE_WHITE_BOX_REAR,FIES_INSIDE_WHITE_BOX_CENTRE,FIES_CENTRE_OF_TABLE_INC_GND,FIES_CEILING_NEAR_INSTRUMENT_AARHUS_1,FIES_INSIDE_BLACK_BOX_AARHUS_2,FIES_INSIDE_WHITE_BOX_UNDER_DEWAR_AARHUS_3,FIES_DETECTOR_TEMPERATURE,FIES_DEWAR_TEMPERATURE,FIES_DETECTOR_PRESSURE,FIES_ATMOSPHERIC_PRESSURE,FIES_GRATING_TANK_PRESSURE;;;;;;;;;;;;
2458999.886307, -18.20, 0.24, 20.300000, 32.500000, 17.700000, 36.400000, 0.400000, 20.062000, 19.700000, 20.466000, 17.555000, 19.237000, 24.075000, 20.350000, 16.831000, 20.596000, 20.069000, 20.558000, 20.441000, 20.650000, 20.750000, 21.350000, -120.000000, -176.140000, 0.000001, 768.974000, 768.625000;;;;;;;;;;;;
2458999.886911, -19.33, 0.28, 20.300000, 32.500000, 17.900000, 35.900000, 0.400000, 20.062000, 19.687000, 20.466000, 17.599000, 19.237000, 24.286000, 20.350000, 16.845000, 20.596000, 20.104000, 20.551000, 20.441000, 20.650000, 20.740000, 21.330000, -119.980000, -176.160000, 0.000001, 768.980000, 768.623000;;;;;;;;;;;;
2458999.887517, -18.97, 0.29, 20.300000, 32.500000, 18.000000, 35.700000, 0.400000, 20.062000, 19.681000, 20.466000, 17.636000, 19.237000, 24.288000, 20.350000, 16.843000, 20.596000, 20.206000, 20.565000, 20.442000, 20.640000, 20.730000, 21.370000, -120.010000, -176.050000, 0.000001, 768.962000, 768.625000;;;;;;;;;;;;
2458999.888122, -20.60, 0.27, 20.300000, 32.500000, 18.100000, 35.600000, 0.400000, 20.062000, 19.684000, 20.466000, 17.667000, 19.237000, 24.086000, 20.350000, 16.881000, 20.596000, 20.181000, 20.562000, 20.442000, 20.650000, 20.740000, 21.410000, -120.010000, -176.050000, 0.000001, 768.962000, 768.625000;;;;;;;;;;;;
2458999.888728, -21.00, 0.29, 20.300000, 32.500000, 18.100000, 35.600000, 0.400000, 20.062000, 19.684000, 20.466000, 17.667000, 19.237000, 24.086000, 20.350000, 16.881000, 20.596000, 20.181000, 20.562000, 20.442000, 20.650000, 20.740000, 21.410000, -120.010000, -176.050000, 0.000001, 768.962000, 768.625000;;;;;;;;;;;;
2458999.889333, -21.34, 0.27, 20.300000, 32.500000, 18.200000, 35.500000, 0.400000, 20.062000, 19.700000, 20.466000, 17.641000, 19.237000, 24.179000, 20.350000, 16.871000, 20.596000, 20.063000, 20.563000, 20.443000, 20.660000, 20.740000, 21.370000, -120.010000, -176.050000, 0.000001, 768.953000, 768.624000;;;;;;;;;;;;
2458999.889939, -20.30, 0.27, 20.300000, 32.500000, 18.300000, 35.300000, 0.400000, 20.062000, 19.710000, 20.466000, 17.691000, 19.237000, 24.185000, 20.350000, 16.885000, 20.596000, 20.077000, 20.563000, 20.442000, 20.660000, 20.760000, 21.330000, -120.010000, -175.950000, 0.000001, 768.925000, 768.626000;;;;;;;;;;;;
2458999.890543, -19.28, 0.27, 20.300000, 32.500000, 18.400000, 35.200000, 0.400000, 20.062000, 19.721000, 20.466000, 17.697000, 19.237000, 24.024000, 20.350000, 16.884000, 20.596000, 20.107000, 20.558000, 20.442000, 20.660000, 20.780000, 21.310000, -120.030000, -176.090000, 0.000001, 768.924000, 768.626000;;;;;;;;;;;;
2458999.891148, -19.50, 0.23, 20.300000, 32.500000, 18.300000, 35.200000, 0.400000, 20.063000, 19.726000, 20.466000, 17.708000, 19.237000, 24.068000, 20.350000, 16.858000, 20.596000, 20.077000, 20.556000, 20.441000, 20.680000, 20.760000, 21.400000, -120.030000, -176.010000, 0.000001, 768.946000, 768.625000;;;;;;;;;;;;
2458999.891752, -18.14, 0.24, 20.300000, 32.500000, 18.000000, 35.800000, 0.400000, 20.063000, 19.705000, 20.466000, 17.595000, 19.237000, 24.086000, 20.350000, 16.899000, 20.596000, 19.976000, 20.560000, 20.442000, 20.690000, 20.760000, 21.390000, -120.000000, -176.010000, 0.000001, 768.953000, 768.625000;;;;;;;;;;;;
2458999.892358, -18.61, 0.32, 20.300000, 32.500000, 17.800000, 36.100000, 0.400000, 20.063000, 19.711000, 20.466000, 17.524000, 19.238000, 23.857000, 20.351000, 16.914000, 20.596000, 19.992000, 20.557000, 20.442000, 20.660000, 20.760000, 21.360000, -120.030000, -176.100000, 0.000001, 768.951000, 768.624000;;;;;;;;;;;;
2458999.892963, -18.59, 0.26, 20.300000, 32.500000, 18.000000, 35.800000, 0.400000, 20.063000, 19.709000, 20.467000, 17.624000, 19.237000, 23.779000, 20.351000, 16.897000, 20.596000, 20.028000, 20.567000, 20.443000, 20.670000, 20.760000, 21.370000, -120.010000, -176.100000, 0.000001, 768.951000, 768.624000;;;;;;;;;;;;
2458999.893568, -19.52, 0.25, 20.300000, 32.500000, 18.000000, 35.800000, 0.400000, 20.063000, 19.709000, 20.467000, 17.624000, 19.237000, 23.779000, 20.351000, 16.897000, 20.596000, 20.028000, 20.567000, 20.443000, 20.670000, 20.760000, 21.370000, -120.010000, -176.100000, 0.000001, 768.951000, 768.624000;;;;;;;;;;;;
2458999.894174, -19.09, 0.25, 20.300000, 32.500000, 18.100000, 35.600000, 0.400000, 20.063000, 19.736000, 20.467000, 17.656000, 19.238000, 24.056000, 20.351000, 16.848000, 20.596000, 20.004000, 20.572000, 20.442000, 20.670000, 20.790000, 21.320000, -120.010000, -176.000000, 0.000001, 768.947000, 768.626000;;;;;;;;;;;;
2458999.894779, -19.61, 0.25, 20.300000, 32.500000, 18.200000, 35.500000, 0.400000, 20.063000, 19.724000, 20.467000, 17.687000, 19.238000, 24.256000, 20.352000, 16.876000, 20.597000, 20.067000, 20.575000, 20.442000, 20.670000, 20.760000, 21.310000, -120.010000, -175.940000, 0.000001, 768.943000, 768.626000;;;;;;;;;;;;
2458999.895385, -18.85, 0.29, 20.300000, 32.500000, 18.300000, 35.300000, 0.400000, 20.064000, 19.736000, 20.466000, 17.701000, 19.238000, 24.057000, 20.352000, 16.871000, 20.596000, 20.035000, 20.562000, 20.442000, 20.670000, 20.770000, 21.340000, -120.020000, -175.940000, 0.000001, 768.938000, 768.626000;;;;;;;;;;;;
2458999.895990, -20.92, 0.24, 20.300000, 32.500000, 18.300000, 35.300000, 0.400000, 20.064000, 19.721000, 20.467000, 17.664000, 19.239000, 24.087000, 20.352000, 16.843000, 20.596000, 19.977000, 20.570000, 20.443000, 20.690000, 20.770000, 21.380000, -120.020000, -175.940000, 0.000001, 768.950000, 768.624000;;;;;;;;;;;;
2458999.896596, -18.89, 0.21, 20.300000, 32.500000, 18.300000, 35.300000, 0.400000, 20.064000, 19.710000, 20.467000, 17.677000, 19.238000, 24.619000, 20.352000, 16.835000, 20.596000, 20.055000, 20.569000, 20.442000, 20.680000, 20.740000, 21.380000, -119.990000, -176.070000, 0.000001, 768.942000, 768.625000;;;;;;;;;;;;
2458999.897200, -20.45, 0.28, 20.300000, 32.500000, 18.300000, 35.300000, 0.400000, 20.064000, 19.722000, 20.467000, 17.730000, 19.238000, 24.067000, 20.352000, 16.854000, 20.597000, 20.135000, 20.572000, 20.442000, 20.670000, 20.760000, 21.380000, -120.000000, -175.960000, 0.000001, 768.913000, 768.625000;;;;;;;;;;;;
2458999.897806, -18.40, 0.22, 20.300000, 32.500000, 18.300000, 35.200000, 0.400000, 20.064000, 19.709000, 20.467000, 17.730000, 19.239000, 23.966000, 20.352000, 16.859000, 20.596000, 20.059000, 20.557000, 20.441000, 20.680000, 20.750000, 21.380000, -120.000000, -175.960000, 0.000001, 768.913000, 768.626000;;;;;;;;;;;;
2458999.898411, -20.50, 0.27, 20.300000, 32.500000, 18.300000, 35.200000, 0.400000, 20.064000, 19.709000, 20.467000, 17.730000, 19.239000, 23.966000, 20.352000, 16.859000, 20.596000, 20.059000, 20.557000, 20.441000, 20.680000, 20.750000, 21.380000, -120.000000, -175.960000, 0.000001, 768.913000, 768.626000;;;;;;;;;;;;
2458999.899015, -19.10, 0.28, 20.300000, 32.500000, 18.000000, 35.600000, 0.400000, 20.064000, 19.713000, 20.467000, 17.650000, 19.239000, 24.166000, 20.352000, 16.870000, 20.596000, 20.106000, 20.567000, 20.442000, 20.670000, 20.740000, 21.350000, -120.000000, -176.080000, 0.000001, 768.908000, 768.627000;;;;;;;;;;;;
2458999.899620, -21.17, 0.26, 20.300000, 32.500000, 17.800000, 36.100000, 0.400000, 20.064000, 19.697000, 20.467000, 17.572000, 19.239000, 24.219000, 20.352000, 16.867000, 20.596000, 20.158000, 20.565000, 20.443000, 20.660000, 20.790000, 21.380000, -119.990000, -176.080000, 0.000001, 768.914000, 768.625000;;;;;;;;;;;;
2458999.900226, -21.11, 0.28, 20.300000, 32.500000, 17.900000, 36.000000, 0.400000, 20.064000, 19.692000, 20.467000, 17.611000, 19.239000, 24.173000, 20.352000, 16.881000, 20.597000, 20.111000, 20.576000, 20.443000, 20.670000, 20.770000, 21.360000, -119.990000, -176.080000, 0.000001, 768.909000, 768.626000;;;;;;;;;;;;
2458999.900830, -21.71, 0.24, 20.300000, 32.500000, 18.000000, 35.900000, 0.400000, 20.064000, 19.721000, 20.467000, 17.690000, 19.239000, 24.365000, 20.352000, 16.886000, 20.597000, 20.014000, 20.564000, 20.443000, 20.660000, 20.780000, 21.360000, -119.990000, -175.960000, 0.000001, 768.893000, 768.627000;;;;;;;;;;;;
2458999.901435, -20.78, 0.26, 20.300000, 32.500000, 18.100000, 35.700000, 0.400000, 20.064000, 19.718000, 20.467000, 17.712000, 19.239000, 24.281000, 20.352000, 16.883000, 20.597000, 20.084000, 20.562000, 20.443000, 20.670000, 20.740000, 21.330000, -120.000000, -176.100000, 0.000001, 768.899000, 768.627000;;;;;;;;;;;;
2458999.902042, -22.23, 0.28, 20.300000, 32.500000, 18.200000, 35.500000, 0.400000, 20.065000, 19.710000, 20.467000, 17.734000, 19.240000, 24.305000, 20.353000, 16.906000, 20.597000, 20.062000, 20.566000, 20.442000, 20.660000, 20.750000, 21.350000, -120.000000, -176.030000, 0.000001, 768.900000, 768.625000;;;;;;;;;;;;
2458999.902647, -18.68, 0.27, 20.300000, 32.500000, 18.200000, 35.500000, 0.400000, 20.065000, 19.710000, 20.467000, 17.734000, 19.240000, 24.305000, 20.353000, 16.906000, 20.597000, 20.062000, 20.566000, 20.442000, 20.660000, 20.750000, 21.350000, -120.000000, -176.030000, 0.000001, 768.900000, 768.625000;;;;;;;;;;;;
2458999.903252, -21.41, 0.31, 20.300000, 32.500000, 18.200000, 35.500000, 0.400000, 20.065000, 19.703000, 20.467000, 17.696000, 19.239000, 24.446000, 20.352000, 16.907000, 20.597000, 20.018000, 20.561000, 20.443000, 20.650000, 20.760000, 21.390000, -119.990000, -176.030000, 0.000001, 768.897000, 768.625000;;;;;;;;;;;;
2458999.903858, -19.58, 0.27, 20.300000, 32.500000, 18.300000, 35.300000, 0.400000, 20.065000, 19.713000, 20.467000, 17.712000, 19.240000, 24.684000, 20.352000, 16.889000, 20.597000, 20.067000, 20.562000, 20.443000, 20.690000, 20.750000, 21.380000, -119.990000, -176.120000, 0.000001, 768.873000, 768.627000;;;;;;;;;;;;
2458999.904463, -21.50, 0.27, 20.300000, 32.500000, 18.300000, 35.300000, 0.400000, 20.065000, 19.708000, 20.467000, 17.730000, 19.240000, 24.690000, 20.352000, 16.909000, 20.597000, 20.119000, 20.564000, 20.442000, 20.660000, 20.770000, 21.350000, -120.000000, -176.120000, 0.000001, 768.855000, 768.626000;;;;;;;;;;;;
2458999.905068, -21.42, 0.31, 20.300000, 32.500000, 18.300000, 35.300000, 0.400000, 20.065000, 19.726000, 20.467000, 17.748000, 19.240000, 24.308000, 20.352000, 16.911000, 20.597000, 20.192000, 20.565000, 20.442000, 20.670000, 20.770000, 21.360000, -120.000000, -176.120000, 0.000001, 768.874000, 768.626000;;;;;;;;;;;;
2458999.905675, -21.69, 0.36, 20.300000, 32.500000, 18.300000, 35.300000, 0.400000, 20.065000, 19.735000, 20.467000, 17.718000, 19.240000, 24.750000, 20.352000, 16.903000, 20.597000, 20.070000, 20.565000, 20.442000, 20.650000, 20.750000, 21.360000, -120.000000, -175.990000, 0.000001, 768.859000, 768.627000;;;;;;;;;;;;
2458999.906280, -22.12, 0.32, 20.300000, 32.500000, 18.100000, 35.600000, 0.400000, 20.065000, 19.735000, 20.467000, 17.657000, 19.241000, 24.437000, 20.353000, 16.886000, 20.597000, 20.053000, 20.566000, 20.443000, 20.680000, 20.760000, 21.330000, -119.990000, -175.960000, 0.000001, 768.909000, 768.627000;;;;;;;;;;;;
2458999.906885, -24.24, 0.27, 20.300000, 32.500000, 17.800000, 36.100000, 0.400000, 20.065000, 19.751000, 20.467000, 17.584000, 19.241000, 24.192000, 20.353000, 16.896000, 20.597000, 20.061000, 20.573000, 20.442000, 20.680000, 20.750000, 21.370000, -120.010000, -176.080000, 0.000001, 768.915000, 768.625000;;;;;;;;;;;;
2458999.907491, -22.65, 0.27, 20.300000, 32.500000, 17.800000, 36.100000, 0.400000, 20.065000, 19.751000, 20.467000, 17.584000, 19.241000, 24.192000, 20.353000, 16.896000, 20.597000, 20.061000, 20.573000, 20.442000, 20.680000, 20.750000, 21.370000, -120.010000, -176.080000, 0.000001, 768.915000, 768.625000;;;;;;;;;;;;
2458999.908701, -26.70, 0.33, 20.300000, 32.500000, 18.000000, 36.000000, 0.400000, 20.066000, 19.728000, 20.467000, 17.697000, 19.241000, 23.905000, 20.353000, 16.885000, 20.597000, 20.014000, 20.582000, 20.443000, 20.690000, 20.760000, 21.360000, -119.990000, -176.030000, 0.000001, 768.952000, 768.627000;;;;;;;;;;;;
2458999.909308, -28.45, 0.36, 20.300000, 32.500000, 18.100000, 35.800000, 0.400000, 20.065000, 19.712000, 20.468000, 17.691000, 19.241000, 23.984000, 20.353000, 16.896000, 20.597000, 19.967000, 20.583000, 20.443000, 20.690000, 20.760000, 21.340000, -120.000000, -175.960000, 0.000001, 768.956000, 768.629000;;;;;;;;;;;;
2458999.909912, -29.16, 0.35, 20.300000, 32.500000, 18.200000, 35.600000, 0.400000, 20.065000, 19.730000, 20.468000, 17.729000, 19.241000, 24.214000, 20.352000, 16.893000, 20.597000, 20.006000, 20.571000, 20.443000, 20.680000, 20.740000, 21.370000, -120.000000, -176.100000, 0.000001, 768.937000, 768.625000;;;;;;;;;;;;
2458999.910517, -28.96, 0.22, 20.300000, 32.500000, 18.300000, 35.400000, 0.400000, 20.065000, 19.726000, 20.468000, 17.721000, 19.241000, 24.149000, 20.352000, 16.913000, 20.597000, 20.095000, 20.567000, 20.444000, 20.650000, 20.750000, 21.340000, -120.020000, -176.100000, 0.000001, 768.942000, 768.627000;;;;;;;;;;;;
2458999.911124, -30.12, 0.28, 20.300000, 32.500000, 18.200000, 35.400000, 0.400000, 20.065000, 19.712000, 20.467000, 17.716000, 19.241000, 24.104000, 20.352000, 16.900000, 20.597000, 20.073000, 20.570000, 20.443000, 20.680000, 20.750000, 21.360000, -120.010000, -175.940000, 0.000001, 768.962000, 768.628000;;;;;;;;;;;;
2458999.911729, -29.55, 0.23, 20.300000, 32.500000, 18.000000, 35.900000, 0.400000, 20.065000, 19.692000, 20.468000, 17.634000, 19.242000, 24.218000, 20.351000, 16.888000, 20.597000, 20.079000, 20.574000, 20.443000, 20.680000, 20.730000, 21.360000, -120.010000, -175.940000, 0.000001, 768.942000, 768.626000;;;;;;;;;;;;
2458999.912334, -30.42, 0.26, 20.300000, 32.500000, 18.000000, 35.900000, 0.400000, 20.065000, 19.692000, 20.468000, 17.634000, 19.242000, 24.218000, 20.351000, 16.888000, 20.597000, 20.079000, 20.574000, 20.443000, 20.680000, 20.730000, 21.360000, -120.010000, -175.940000, 0.000001, 768.942000, 768.626000;;;;;;;;;;;;
2458999.912941, -30.91, 0.31, 20.300000, 32.500000, 17.800000, 36.300000, 0.400000, 20.065000, 19.704000, 20.468000, 17.548000, 19.242000, 24.160000, 20.352000, 16.895000, 20.598000, 20.174000, 20.566000, 20.443000, 20.660000, 20.770000, 21.390000, -119.990000, -175.950000, 0.000001, 768.987000, 768.629000;;;;;;;;;;;;
2458999.913546, -31.45, 0.33, 20.300000, 32.500000, 17.900000, 36.100000, 0.400000, 20.065000, 19.730000, 20.468000, 17.604000, 19.242000, 23.778000, 20.352000, 16.916000, 20.598000, 20.077000, 20.566000, 20.443000, 20.660000, 20.750000, 21.340000, -120.010000, -176.030000, 0.000001, 768.972000, 768.627000;;;;;;;;;;;;
2458999.914152, -30.10, 0.22, 20.300000, 32.500000, 18.000000, 35.900000, 0.400000, 20.065000, 19.711000, 20.468000, 17.663000, 19.242000, 23.820000, 20.352000, 16.919000, 20.598000, 20.152000, 20.564000, 20.443000, 20.680000, 20.770000, 21.360000, -120.010000, -175.950000, 0.000001, 768.979000, 768.628000;;;;;;;;;;;;
2458999.914756, -29.15, 0.30, 20.300000, 32.500000, 18.200000, 35.600000, 0.400000, 20.064000, 19.750000, 20.468000, 17.714000, 19.242000, 24.041000, 20.351000, 16.945000, 20.598000, 19.994000, 20.561000, 20.444000, 20.690000, 20.740000, 21.360000, -120.000000, -175.950000, 0.000001, 768.970000, 768.627000;;;;;;;;;;;;
2458999.915361, -29.16, 0.25, 20.300000, 32.500000, 18.300000, 35.300000, 0.400000, 20.064000, 19.716000, 20.468000, 17.697000, 19.241000, 24.197000, 20.351000, 16.937000, 20.598000, 20.080000, 20.571000, 20.443000, 20.710000, 20.720000, 21.360000, -120.030000, -175.950000, 0.000001, 768.979000, 768.627000;;;;;;;;;;;;
2458999.915965, -29.81, 0.33, 20.300000, 32.500000, 18.300000, 35.300000, 0.400000, 20.064000, 19.706000, 20.468000, 17.706000, 19.242000, 24.227000, 20.351000, 16.950000, 20.598000, 20.042000, 20.578000, 20.444000, 20.660000, 20.740000, 21.400000, -120.010000, -176.020000, 0.000001, 768.972000, 768.627000;;;;;;;;;;;;
2458999.916571, -29.71, 0.23, 20.300000, 32.500000, 18.000000, 35.800000, 0.400000, 20.064000, 19.697000, 20.468000, 17.626000, 19.242000, 24.355000, 20.351000, 16.943000, 20.598000, 20.113000, 20.570000, 20.444000, 20.670000, 20.740000, 21.350000, -120.010000, -175.960000, 0.000001, 768.991000, 768.627000;;;;;;;;;;;;
2458999.917176, -30.50, 0.31, 20.300000, 32.500000, 18.000000, 35.800000, 0.400000, 20.064000, 19.697000, 20.468000, 17.626000, 19.242000, 24.355000, 20.351000, 16.943000, 20.598000, 20.113000, 20.570000, 20.444000, 20.670000, 20.740000, 21.350000, -120.010000, -175.960000, 0.000001, 768.991000, 768.627000;;;;;;;;;;;;
2458999.917781, -30.09, 0.35, 20.300000, 32.500000, 17.800000, 36.200000, 0.400000, 20.065000, 19.735000, 20.468000, 17.578000, 19.242000, 23.709000, 20.351000, 16.945000, 20.598000, 20.029000, 20.562000, 20.444000, 20.690000, 20.760000, 21.380000, -120.010000, -175.960000, 0.000001, 768.986000, 768.627000;;;;;;;;;;;;
2458999.918387, -31.75, 0.26, 20.300000, 32.500000, 17.900000, 36.100000, 0.400000, 20.064000, 19.706000, 20.468000, 17.639000, 19.242000, 24.087000, 20.351000, 16.950000, 20.598000, 20.050000, 20.558000, 20.443000, 20.690000, 20.780000, 21.380000, -120.010000, -175.940000, 0.000001, 768.980000, 768.628000;;;;;;;;;;;;
2458999.918991, -29.45, 0.27, 20.300000, 32.500000, 18.100000, 35.800000, 0.400000, 20.064000, 19.714000, 20.468000, 17.662000, 19.242000, 24.183000, 20.351000, 16.916000, 20.598000, 20.063000, 20.557000, 20.444000, 20.690000, 20.730000, 21.380000, -120.000000, -175.940000, 0.000001, 768.985000, 768.629000;;;;;;;;;;;;
2458999.919596, -30.62, 0.32, 20.300000, 32.500000, 18.200000, 35.500000, 0.400000, 20.064000, 19.670000, 20.468000, 17.670000, 19.242000, 24.031000, 20.351000, 16.917000, 20.598000, 19.928000, 20.558000, 20.443000, 20.660000, 20.750000, 21.360000, -120.000000, -175.990000, 0.000001, 768.982000, 768.627000;;;;;;;;;;;;
2458999.920203, -30.05, 0.26, 20.300000, 32.500000, 18.300000, 35.400000, 0.400000, 20.064000, 19.690000, 20.468000, 17.682000, 19.242000, 24.194000, 20.351000, 16.934000, 20.598000, 19.960000, 20.575000, 20.444000, 20.670000, 20.750000, 21.370000, -119.990000, -175.990000, 0.000001, 768.990000, 768.627000;;;;;;;;;;;;
2458999.920807, -30.14, 0.32, 20.300000, 32.500000, 18.500000, 35.100000, 0.400000, 20.064000, 19.689000, 20.468000, 17.789000, 19.243000, 24.503000, 20.351000, 16.958000, 20.599000, 20.013000, 20.576000, 20.444000, 20.670000, 20.780000, 21.370000, -120.000000, -176.120000, 0.000001, 768.982000, 768.628000;;;;;;;;;;;;
2458999.921412, -27.85, 0.26, 20.300000, 32.500000, 18.500000, 35.100000, 0.400000, 20.064000, 19.689000, 20.468000, 17.789000, 19.243000, 24.503000, 20.351000, 16.958000, 20.599000, 20.013000, 20.576000, 20.444000, 20.670000, 20.780000, 21.370000, -120.000000, -176.120000, 0.000001, 768.982000, 768.628000;;;;;;;;;;;;
2458999.922017, -29.07, 0.30, 20.300000, 32.500000, 18.300000, 35.200000, 0.400000, 20.064000, 19.713000, 20.468000, 17.699000, 19.243000, 24.434000, 20.350000, 16.924000, 20.598000, 20.070000, 20.566000, 20.444000, 20.660000, 20.740000, 21.350000, -120.000000, -176.070000, 0.000001, 768.963000, 768.627000;;;;;;;;;;;;
2458999.922623, -29.63, 0.26, 20.300000, 32.500000, 18.000000, 35.900000, 0.400000, 20.064000, 19.738000, 20.468000, 17.620000, 19.243000, 24.031000, 20.350000, 16.925000, 20.598000, 20.077000, 20.573000, 20.444000, 20.670000, 20.750000, 21.420000, -120.000000, -176.070000, 0.000001, 768.964000, 768.628000;;;;;;;;;;;;
2458999.923228, -29.80, 0.32, 20.300000, 32.500000, 17.800000, 36.300000, 0.400000, 20.064000, 19.738000, 20.468000, 17.593000, 19.243000, 24.289000, 20.350000, 16.930000, 20.598000, 20.068000, 20.566000, 20.444000, 20.660000, 20.750000, 21.400000, -120.010000, -175.940000, 0.000001, 768.978000, 768.629000;;;;;;;;;;;;
2458999.923834, -29.67, 0.34, 20.300000, 32.500000, 18.000000, 36.000000, 0.400000, 20.064000, 19.732000, 20.469000, 17.661000, 19.243000, 24.000000, 20.350000, 16.904000, 20.598000, 20.065000, 20.568000, 20.444000, 20.670000, 20.730000, 21.310000, -120.010000, -176.100000, 0.000001, 768.989000, 768.627000;;;;;;;;;;;;
2458999.924439, -31.16, 0.34, 20.300000, 32.500000, 18.100000, 35.800000, 0.400000, 20.064000, 19.739000, 20.468000, 17.708000, 19.243000, 23.670000, 20.350000, 16.909000, 20.598000, 20.081000, 20.568000, 20.444000, 20.660000, 20.750000, 21.390000, -120.010000, -176.100000, 0.000001, 769.001000, 768.629000;;;;;;;;;;;;
2458999.925045, -29.07, 0.29, 20.300000, 32.500000, 18.200000, 35.500000, 0.400000, 20.064000, 19.759000, 20.469000, 17.725000, 19.242000, 24.100000, 20.350000, 16.890000, 20.598000, 19.981000, 20.572000, 20.445000, 20.700000, 20.750000, 21.390000, -120.000000, -175.950000, 0.000001, 769.008000, 768.628000;;;;;;;;;;;;
2458999.925650, -27.02, 0.25, 20.300000, 32.500000, 18.300000, 35.300000, 0.400000, 20.063000, 19.729000, 20.468000, 17.713000, 19.243000, 23.871000, 20.349000, 16.880000, 20.599000, 20.059000, 20.561000, 20.444000, 20.700000, 20.740000, 21.310000, -119.990000, -175.950000, 0.000001, 768.996000, 768.627000;;;;;;;;;;;;
2458999.926256, -26.66, 0.23, 20.300000, 32.500000, 18.300000, 35.300000, 0.400000, 20.063000, 19.729000, 20.468000, 17.713000, 19.243000, 23.871000, 20.349000, 16.880000, 20.599000, 20.059000, 20.561000, 20.444000, 20.700000, 20.740000, 21.310000, -119.990000, -175.950000, 0.000001, 768.996000, 768.627000;;;;;;;;;;;;
2458999.926861, -25.83, 0.29, 20.300000, 32.500000, 18.400000, 35.200000, 0.400000, 20.063000, 19.728000, 20.469000, 17.793000, 19.243000, 24.175000, 20.349000, 16.934000, 20.599000, 20.019000, 20.565000, 20.444000, 20.680000, 20.740000, 21.360000, -119.990000, -175.950000, 0.000001, 769.003000, 768.627000;;;;;;;;;;;;
2458999.928072, -28.53, 0.32, 20.300000, 32.500000, 18.000000, 35.900000, 0.400000, 20.063000, 19.740000, 20.469000, 17.630000, 19.243000, 24.191000, 20.349000, 16.963000, 20.598000, 20.065000, 20.560000, 20.444000, 20.670000, 20.740000, 0.000000, -119.990000, -176.060000, 0.000001, 769.008000, 768.628000;;;;;;;;;;;;
2458999.928678, -29.87, 0.21, 20.300000, 32.500000, 17.800000, 36.300000, 0.400000, 20.063000, 19.718000, 20.469000, 17.578000, 19.244000, 24.078000, 20.349000, 16.967000, 20.598000, 20.158000, 20.566000, 20.444000, 20.670000, 20.740000, 21.370000, -119.990000, -175.960000, 0.000001, 769.025000, 768.625000;;;;;;;;;;;;
2458999.929284, -29.61, 0.26, 20.300000, 32.500000, 17.900000, 36.000000, 0.400000, 20.063000, 19.727000, 20.469000, 17.668000, 19.243000, 23.883000, 20.349000, 16.944000, 20.598000, 20.052000, 20.569000, 20.444000, 20.690000, 20.750000, 21.380000, -120.010000, -175.930000, 0.000001, 769.026000, 768.628000;;;;;;;;;;;;
2458999.929889, -28.97, 0.21, 20.300000, 32.500000, 18.100000, 35.700000, 0.400000, 20.063000, 19.747000, 20.469000, 17.664000, 19.244000, 23.858000, 20.349000, 16.938000, 20.599000, 20.141000, 20.557000, 20.444000, 20.670000, 20.770000, 21.390000, -120.010000, -175.930000, 0.000001, 769.025000, 768.626000;;;;;;;;;;;;
2458999.930494, -30.31, 0.31, 20.300000, 32.500000, 18.300000, 35.400000, 0.400000, 20.063000, 19.731000, 20.469000, 17.724000, 19.243000, 24.175000, 20.348000, 16.930000, 20.599000, 20.124000, 20.561000, 20.445000, 20.710000, 20.760000, 21.350000, -119.990000, -175.950000, 0.000001, 769.051000, 768.629000;;;;;;;;;;;;
2458999.931100, -29.39, 0.29, 20.300000, 32.500000, 18.300000, 35.400000, 0.400000, 20.063000, 19.731000, 20.469000, 17.724000, 19.243000, 24.175000, 20.348000, 16.930000, 20.599000, 20.124000, 20.561000, 20.445000, 20.710000, 20.760000, 21.350000, -119.990000, -175.950000, 0.000001, 769.051000, 768.629000;;;;;;;;;;;;
2458999.931704, -30.24, 0.33, 20.300000, 32.500000, 18.300000, 35.400000, 0.400000, 20.063000, 19.740000, 20.469000, 17.642000, 19.243000, 24.288000, 20.348000, 16.961000, 20.599000, 20.013000, 20.575000, 20.445000, 20.690000, 20.750000, 21.390000, -119.990000, -175.960000, 0.000001, 769.044000, 768.628000;;;;;;;;;;;;
2458999.932309, -29.15, 0.28, 20.300000, 32.500000, 18.400000, 35.200000, 0.400000, 20.063000, 19.751000, 20.469000, 17.731000, 19.244000, 24.248000, 20.347000, 16.977000, 20.599000, 19.997000, 20.575000, 20.445000, 20.690000, 20.760000, 21.370000, -120.000000, -175.960000, 0.000001, 769.029000, 768.629000;;;;;;;;;;;;
2458999.932914, -29.53, 0.30, 20.300000, 32.500000, 18.400000, 35.200000, 0.400000, 20.062000, 19.753000, 20.469000, 17.749000, 19.243000, 24.376000, 20.347000, 17.003000, 20.599000, 20.043000, 20.570000, 20.445000, 20.690000, 20.750000, 21.390000, -120.010000, -176.080000, 0.000001, 769.007000, 768.629000;;;;;;;;;;;;
2458999.933520, -29.24, 0.29, 20.300000, 32.500000, 18.300000, 35.200000, 0.400000, 20.062000, 19.756000, 20.469000, 17.761000, 19.244000, 24.138000, 20.347000, 16.966000, 20.599000, 20.046000, 20.582000, 20.446000, 20.670000, 20.740000, 21.340000, -120.010000, -176.080000, 0.000001, 769.048000, 768.629000;;;;;;;;;;;;
2458999.934125, -29.27, 0.33, 20.300000, 32.500000, 18.000000, 35.700000, 0.400000, 20.062000, 19.751000, 20.469000, 17.627000, 19.244000, 24.492000, 20.347000, 16.971000, 20.599000, 19.978000, 20.576000, 20.445000, 20.710000, 20.770000, 21.330000, -120.000000, -175.960000, 0.000001, 769.042000, 768.626000;;;;;;;;;;;;
2458999.934729, -28.58, 0.27, 20.300000, 32.500000, 17.800000, 36.000000, 0.400000, 20.062000, 19.730000, 20.469000, 17.568000, 19.244000, 24.052000, 20.346000, 16.989000, 20.599000, 19.981000, 20.589000, 20.445000, 20.680000, 20.730000, 21.350000, -119.990000, -175.940000, 0.000001, 769.019000, 768.628000;;;;;;;;;;;;
2458999.935334, -25.83, 0.36, 20.300000, 32.500000, 18.000000, 35.900000, 0.400000, 20.061000, 19.738000, 20.469000, 17.620000, 19.244000, 24.219000, 20.346000, 16.973000, 20.599000, 20.022000, 20.578000, 20.445000, 20.690000, 20.730000, 21.350000, -120.010000, -176.060000, 0.000001, 769.026000, 768.627000;;;;;;;;;;;;
2458999.935940, -26.53, 0.31, 20.300000, 32.500000, 18.000000, 35.900000, 0.400000, 20.061000, 19.738000, 20.469000, 17.620000, 19.244000, 24.219000, 20.346000, 16.973000, 20.599000, 20.022000, 20.578000, 20.445000, 20.690000, 20.730000, 21.350000, -120.010000, -176.060000, 0.000001, 769.026000, 768.627000;;;;;;;;;;;;
2458999.936545, -25.36, 0.32, 20.300000, 32.500000, 18.100000, 35.600000, 0.400000, 20.061000, 19.725000, 20.469000, 17.665000, 19.244000, 23.784000, 20.345000, 16.945000, 20.599000, 20.098000, 20.579000, 20.445000, 20.690000, 20.750000, 21.360000, -120.010000, -176.060000, 0.000001, 769.025000, 768.629000;;;;;;;;;;;;
2458999.937152, -25.35, 0.33, 20.300000, 32.500000, 18.200000, 35.400000, 0.400000, 20.061000, 19.722000, 20.469000, 17.708000, 19.244000, 24.093000, 20.345000, 16.971000, 20.599000, 20.067000, 20.581000, 20.445000, 20.660000, 20.760000, 21.310000, -120.000000, -175.950000, 0.000001, 769.032000, 768.629000;;;;;;;;;;;;
2458999.937756, -26.79, 0.32, 20.300000, 32.500000, 18.300000, 35.300000, 0.400000, 20.061000, 19.735000, 20.469000, 17.718000, 19.244000, 23.342000, 20.345000, 17.000000, 20.599000, 20.129000, 20.570000, 20.445000, 20.690000, 20.740000, 21.320000, -120.000000, -176.100000, 0.000001, 769.022000, 768.628000;;;;;;;;;;;;
2458999.938361, -23.96, 0.29, 20.300000, 32.500000, 18.400000, 35.100000, 0.400000, 20.061000, 19.731000, 20.469000, 17.753000, 19.244000, 23.824000, 20.345000, 17.001000, 20.599000, 20.186000, 20.584000, 20.445000, 20.680000, 20.740000, 21.360000, -120.000000, -176.100000, 0.000001, 768.993000, 768.626000;;;;;;;;;;;;
2458999.938965, -22.99, 0.35, 20.300000, 32.500000, 18.400000, 35.100000, 0.400000, 20.061000, 19.765000, 20.469000, 17.735000, 19.244000, 24.073000, 20.344000, 17.022000, 20.599000, 20.041000, 20.577000, 20.445000, 20.680000, 20.770000, 21.380000, -120.000000, -176.100000, 0.000001, 769.024000, 768.628000;;;;;;;;;;;;
2458999.939571, -22.80, 0.30, 20.300000, 32.500000, 18.400000, 35.100000, 0.400000, 20.061000, 19.752000, 20.469000, 17.744000, 19.245000, 24.395000, 20.344000, 17.007000, 20.599000, 19.959000, 20.567000, 20.445000, 20.690000, 20.740000, 21.380000, -120.000000, -175.940000, 0.000001, 768.999000, 768.626000;;;;;;;;;;;;
2458999.940176, -21.37, 0.35, 20.300000, 32.500000, 18.200000, 35.300000, 0.400000, 20.061000, 19.730000, 20.470000, 17.682000, 19.245000, 23.916000, 20.344000, 16.977000, 20.599000, 20.013000, 20.568000, 20.445000, 20.690000, 20.750000, 21.380000, -120.010000, -175.940000, 0.000001, 769.013000, 768.628000;;;;;;;;;;;;
2458999.940780, -22.75, 0.33, 20.300000, 32.500000, 18.200000, 35.300000, 0.400000, 20.061000, 19.730000, 20.470000, 17.682000, 19.245000, 23.916000, 20.344000, 16.977000, 20.599000, 20.013000, 20.568000, 20.445000, 20.690000, 20.750000, 21.380000, -120.010000, -175.940000, 0.000001, 769.013000, 768.628000;;;;;;;;;;;;
2458999.941387, -23.18, 0.31, 20.300000, 32.500000, 17.900000, 35.700000, 0.400000, 20.061000, 19.736000, 20.470000, 17.628000, 19.245000, 24.172000, 20.344000, 16.960000, 20.599000, 20.121000, 20.570000, 20.446000, 20.680000, 20.750000, 21.390000, -120.010000, -176.070000, 0.000001, 769.016000, 768.629000;;;;;;;;;;;;
2458999.941992, -23.36, 0.39, 20.300000, 32.500000, 18.000000, 35.900000, 0.400000, 20.060000, 19.768000, 20.469000, 17.617000, 19.245000, 24.206000, 20.344000, 16.967000, 20.599000, 20.089000, 20.575000, 20.446000, 20.700000, 20.760000, 21.360000, -120.000000, -176.070000, 0.000001, 769.021000, 768.628000;;;;;;;;;;;;
2458999.942597, -22.25, 0.29, 20.300000, 32.500000, 18.100000, 35.600000, 0.400000, 20.060000, 19.730000, 20.469000, 17.652000, 19.245000, 24.159000, 20.344000, 16.993000, 20.599000, 19.984000, 20.573000, 20.445000, 20.710000, 20.730000, 21.360000, -120.000000, -175.950000, 0.000001, 769.019000, 768.629000;;;;;;;;;;;;
2458999.943203, -21.65, 0.31, 20.300000, 32.500000, 18.200000, 35.400000, 0.400000, 20.060000, 19.739000, 20.469000, 17.728000, 19.245000, 23.754000, 20.344000, 17.004000, 20.599000, 19.982000, 20.566000, 20.445000, 20.690000, 20.760000, 21.340000, -120.000000, -175.950000, 0.000001, 769.031000, 768.628000;;;;;;;;;;;;
2458999.943808, -21.56, 0.25, 20.300000, 32.500000, 18.300000, 35.200000, 0.400000, 20.060000, 19.761000, 20.469000, 17.738000, 19.245000, 24.111000, 20.343000, 17.015000, 20.599000, 19.960000, 20.562000, 20.446000, 20.700000, 20.770000, 21.290000, -120.000000, -176.050000, 0.000001, 769.028000, 768.628000;;;;;;;;;;;;
2458999.944413, -20.74, 0.25, 20.300000, 32.500000, 18.300000, 35.200000, 0.400000, 20.060000, 19.751000, 20.470000, 17.701000, 19.244000, 24.085000, 20.343000, 17.014000, 20.599000, 19.982000, 20.560000, 20.445000, 20.690000, 20.750000, 21.370000, -120.000000, -175.990000, 0.000001, 769.019000, 768.627000;;;;;;;;;;;;
2458999.945020, -20.57, 0.33, 20.300000, 32.500000, 18.300000, 35.200000, 0.400000, 20.060000, 19.760000, 20.470000, 17.702000, 19.245000, 23.944000, 20.343000, 17.025000, 20.599000, 20.010000, 20.566000, 20.445000, 20.710000, 20.760000, 21.350000, -120.010000, -175.990000, 0.000001, 769.062000, 768.628000;;;;;;;;;;;;
2458999.945624, -20.74, 0.29, 20.300000, 32.500000, 18.300000, 35.200000, 0.400000, 20.060000, 19.760000, 20.470000, 17.702000, 19.245000, 23.944000, 20.343000, 17.025000, 20.599000, 20.010000, 20.566000, 20.445000, 20.710000, 20.760000, 21.350000, -120.010000, -175.990000, 0.000001, 769.062000, 768.628000;;;;;;;;;;;;
2458999.946229, -19.90, 0.31, 20.300000, 32.500000, 18.300000, 35.200000, 0.400000, 20.060000, 19.736000, 20.469000, 17.710000, 19.245000, 24.037000, 20.343000, 17.015000, 20.599000, 20.088000, 20.567000, 20.445000, 20.690000, 20.750000, 21.330000, -120.030000, -175.950000, 0.000001, 769.013000, 768.628000;;;;;;;;;;;;
2458999.946834, -21.61, 0.23, 20.300000, 32.500000, 18.400000, 35.000000, 0.400000, 20.060000, 19.744000, 20.470000, 17.738000, 19.245000, 23.896000, 20.343000, 17.028000, 20.599000, 20.060000, 20.573000, 20.445000, 20.690000, 20.720000, 21.360000, -120.030000, -175.950000, 0.000001, 769.054000, 768.628000;;;;;;;;;;;;
2458999.947441, -19.86, 0.31, 20.300000, 32.500000, 18.100000, 35.400000, 0.400000, 20.060000, 19.731000, 20.470000, 17.673000, 19.245000, 24.127000, 20.343000, 17.036000, 20.599000, 20.089000, 20.570000, 20.445000, 20.680000, 20.750000, 21.380000, -119.990000, -176.030000, 0.000001, 769.062000, 768.627000;;;;;;;;;;;;
2458999.948045, -19.32, 0.24, 20.300000, 32.500000, 17.900000, 35.900000, 0.400000, 20.060000, 19.731000, 20.470000, 17.593000, 19.246000, 23.821000, 20.343000, 17.002000, 20.599000, 20.027000, 20.564000, 20.445000, 20.700000, 20.750000, 21.320000, -119.990000, -176.030000, 0.000001, 769.073000, 768.628000;;;;;;;;;;;;
2458999.948652, -18.93, 0.33, 20.300000, 32.500000, 17.900000, 35.900000, 0.400000, 20.060000, 19.738000, 20.469000, 17.672000, 19.245000, 24.122000, 20.343000, 16.990000, 20.599000, 20.030000, 20.564000, 20.445000, 20.690000, 20.750000, 21.330000, -120.000000, -175.940000, 0.000001, 769.085000, 768.628000;;;;;;;;;;;;
2458999.949257, -19.59, 0.27, 20.300000, 32.500000, 18.200000, 35.500000, 0.400000, 20.059000, 19.734000, 20.470000, 17.702000, 19.245000, 23.928000, 20.342000, 17.010000, 20.599000, 20.053000, 20.565000, 20.445000, 20.710000, 20.750000, 21.340000, -120.030000, -175.960000, 0.000001, 769.081000, 768.628000;;;;;;;;;;;;
2458999.949861, -19.24, 0.32, 20.300000, 32.500000, 18.200000, 35.500000, 0.400000, 20.059000, 19.734000, 20.470000, 17.702000, 19.245000, 23.928000, 20.342000, 17.010000, 20.599000, 20.053000, 20.565000, 20.445000, 20.710000, 20.750000, 21.340000, -120.030000, -175.960000, 0.000001, 769.081000, 768.628000;;;;;;;;;;;;
2458999.950466, -19.20, 0.32, 20.300000, 32.500000, 18.200000, 35.300000, 0.400000, 20.059000, 19.722000, 20.470000, 17.696000, 19.245000, 24.099000, 20.342000, 17.052000, 20.599000, 20.113000, 20.570000, 20.446000, 20.700000, 20.740000, 21.350000, -120.030000, -175.960000, 0.000001, 769.094000, 768.628000;;;;;;;;;;;;
2458999.951072, -17.77, 0.33, 20.300000, 32.500000, 18.300000, 35.200000, 0.400000, 20.059000, 19.747000, 20.470000, 17.747000, 19.245000, 23.492000, 20.342000, 17.001000, 20.599000, 20.024000, 20.577000, 20.446000, 20.700000, 20.730000, 21.310000, -120.030000, -175.930000, 0.000001, 769.096000, 768.630000;;;;;;;;;;;;
2458999.951676, -17.98, 0.30, 20.300000, 32.500000, 18.300000, 35.100000, 0.400000, 20.059000, 19.774000, 20.470000, 17.774000, 19.245000, 23.779000, 20.341000, 16.990000, 20.599000, 20.114000, 20.562000, 20.445000, 20.690000, 20.750000, 21.330000, -120.020000, -175.930000, 0.000001, 769.083000, 768.626000;;;;;;;;;;;;
2458999.952281, -17.30, 0.29, 20.300000, 32.500000, 18.300000, 35.100000, 0.400000, 20.059000, 19.754000, 20.470000, 17.733000, 19.245000, 24.036000, 20.341000, 16.993000, 20.599000, 20.052000, 20.558000, 20.445000, 20.690000, 20.740000, 21.310000, -120.020000, -176.100000, 0.000001, 769.095000, 768.627000;;;;;;;;;;;;
2458999.952888, -17.91, 0.31, 20.300000, 32.500000, 18.400000, 35.000000, 0.400000, 20.059000, 19.771000, 20.470000, 17.756000, 19.245000, 23.850000, 20.341000, 17.017000, 20.599000, 20.053000, 20.558000, 20.445000, 20.720000, 20.760000, 21.370000, -120.010000, -176.100000, 0.000001, 769.112000, 768.629000;;;;;;;;;;;;
2458999.953492, -15.75, 0.30, 20.300000, 32.500000, 18.400000, 35.000000, 0.400000, 20.059000, 19.743000, 20.470000, 17.793000, 19.245000, 24.135000, 20.340000, 17.046000, 20.599000, 20.023000, 20.556000, 20.445000, 20.680000, 20.740000, 21.360000, -119.990000, -175.940000, 0.000001, 769.098000, 768.628000;;;;;;;;;;;;
2458999.954097, -15.14, 0.25, 20.300000, 32.500000, 18.300000, 35.100000, 0.400000, 20.058000, 19.776000, 20.470000, 17.737000, 19.245000, 24.089000, 20.340000, 17.035000, 20.599000, 19.978000, 20.550000, 20.445000, 20.730000, 20.760000, 21.360000, -119.990000, -175.940000, 0.000001, 769.097000, 768.628000;;;;;;;;;;;;
2458999.954703, -13.35, 0.26, 20.300000, 32.500000, 18.300000, 35.100000, 0.400000, 20.058000, 19.776000, 20.470000, 17.737000, 19.245000, 24.089000, 20.340000, 17.035000, 20.599000, 19.978000, 20.550000, 20.445000, 20.730000, 20.760000, 21.360000, -119.990000, -175.940000, 0.000001, 769.097000, 768.628000;;;;;;;;;;;;
2458999.955309, -13.48, 0.25, 20.300000, 32.500000, 18.100000, 35.600000, 0.400000, 20.058000, 19.753000, 20.470000, 17.644000, 19.246000, 23.973000, 20.340000, 17.052000, 20.599000, 19.997000, 20.562000, 20.445000, 20.690000, 20.750000, 21.360000, -120.010000, -175.940000, 0.000001, 769.107000, 768.629000;;;;;;;;;;;;
2458999.955914, -14.90, 0.29, 20.300000, 32.500000, 17.900000, 35.900000, 0.400000, 20.058000, 19.722000, 20.470000, 17.622000, 19.245000, 23.894000, 20.340000, 17.059000, 20.599000, 20.099000, 20.561000, 20.444000, 20.680000, 20.760000, 21.330000, -120.010000, -176.040000, 0.000001, 769.111000, 768.629000;;;;;;;;;;;;
2458999.956519, -13.72, 0.29, 20.300000, 32.500000, 18.100000, 35.600000, 0.400000, 20.058000, 19.744000, 20.470000, 17.698000, 19.245000, 23.745000, 20.340000, 17.098000, 20.599000, 20.060000, 20.554000, 20.444000, 20.700000, 20.740000, 21.370000, -120.010000, -176.040000, 0.000001, 769.086000, 768.628000;;;;;;;;;;;;
2458999.957125, -12.83, 0.31, 20.300000, 32.500000, 18.200000, 35.300000, 0.400000, 20.058000, 19.749000, 20.470000, 17.717000, 19.245000, 23.884000, 20.339000, 17.096000, 20.599000, 19.999000, 20.560000, 20.445000, 20.680000, 20.740000, 21.380000, -119.980000, -175.920000, 0.000001, 769.075000, 768.629000;;;;;;;;;;;;
2458999.957729, -13.11, 0.28, 20.300000, 32.500000, 18.300000, 35.100000, 0.400000, 20.058000, 19.766000, 20.470000, 17.719000, 19.244000, 23.944000, 20.340000, 17.127000, 20.599000, 20.044000, 20.562000, 20.444000, 20.690000, 20.730000, 21.330000, -119.980000, -176.090000, 0.000001, 769.094000, 768.628000;;;;;;;;;;;;
2458999.958334, -12.26, 0.24, 20.300000, 32.500000, 18.400000, 34.900000, 0.400000, 20.058000, 19.743000, 20.470000, 17.771000, 19.245000, 23.909000, 20.339000, 17.084000, 20.599000, 19.997000, 20.564000, 20.445000, 20.690000, 20.750000, 21.340000, -120.010000, -176.020000, 0.000001, 769.105000, 768.628000;;;;;;;;;;;;
2458999.958940, -11.81, 0.27, 20.300000, 32.500000, 18.300000, 35.200000, 0.400000, 20.057000, 19.734000, 20.470000, 17.722000, 19.244000, 24.083000, 20.339000, 17.059000, 20.599000, 19.994000, 20.564000, 20.445000, 20.690000, 20.750000, 21.370000, -120.010000, -176.020000, 0.000001, 769.108000, 768.628000;;;;;;;;;;;;
2458999.959544, -11.77, 0.26, 20.300000, 32.500000, 18.300000, 35.200000, 0.400000, 20.057000, 19.734000, 20.470000, 17.722000, 19.244000, 24.083000, 20.339000, 17.059000, 20.599000, 19.994000, 20.564000, 20.445000, 20.690000, 20.750000, 21.370000, -120.010000, -176.020000, 0.000001, 769.108000, 768.628000;;;;;;;;;;;;
2458999.960150, -11.48, 0.26, 20.300000, 32.500000, 18.000000, 35.400000, 0.400000, 20.058000, 19.756000, 20.470000, 17.635000, 19.244000, 23.694000, 20.339000, 17.043000, 20.599000, 19.969000, 20.562000, 20.445000, 20.680000, 20.720000, 21.380000, -119.990000, -175.950000, 0.000001, 769.122000, 768.627000;;;;;;;;;;;;
2458999.960755, -12.91, 0.25, 20.300000, 32.500000, 17.800000, 35.900000, 0.400000, 20.057000, 19.764000, 20.470000, 17.571000, 19.244000, 23.961000, 20.339000, 17.074000, 20.599000, 20.062000, 20.570000, 20.445000, 20.700000, 20.750000, 21.370000, -119.990000, -176.090000, 0.000001, 769.117000, 768.628000;;;;;;;;;;;;
2458999.961361, -11.55, 0.37, 20.300000, 32.500000, 17.900000, 35.900000, 0.400000, 20.057000, 19.704000, 20.470000, 17.626000, 19.244000, 23.836000, 20.339000, 17.090000, 20.599000, 20.095000, 20.565000, 20.445000, 20.660000, 20.730000, 21.330000, -120.000000, -176.090000, 0.000001, 769.131000, 768.628000;;;;;;;;;;;;
2458999.961965, -11.22, 0.26, 20.300000, 32.500000, 18.100000, 35.500000, 0.400000, 20.057000, 19.747000, 20.470000, 17.696000, 19.244000, 23.785000, 20.338000, 17.085000, 20.599000, 20.024000, 20.564000, 20.445000, 20.690000, 20.740000, 21.340000, -120.010000, -175.990000, 0.000001, 769.116000, 768.627000;;;;;;;;;;;;
2458999.962571, -10.36, 0.28, 20.300000, 32.500000, 18.200000, 35.300000, 0.400000, 20.057000, 19.746000, 20.470000, 17.720000, 19.244000, 23.995000, 20.338000, 17.092000, 20.599000, 20.005000, 20.574000, 20.446000, 20.710000, 20.750000, 21.350000, -120.010000, -175.940000, 0.000001, 769.120000, 768.628000;;;;;;;;;;;;
2458999.963177, -10.32, 0.27, 20.300000, 32.500000, 18.300000, 35.200000, 0.400000, 20.057000, 19.767000, 20.470000, 17.704000, 19.244000, 24.093000, 20.338000, 17.053000, 20.599000, 20.074000, 20.570000, 20.445000, 20.690000, 20.740000, 21.370000, -120.010000, -175.940000, 0.000001, 769.114000, 768.630000;;;;;;;;;;;;
2458999.963781, -9.33, 0.32, 20.300000, 32.500000, 18.300000, 35.000000, 0.400000, 20.056000, 19.721000, 20.470000, 17.724000, 19.243000, 23.612000, 20.338000, 17.061000, 20.599000, 19.977000, 20.572000, 20.445000, 20.690000, 20.740000, 21.360000, -120.010000, -176.060000, 0.000001, 769.109000, 768.629000;;;;;;;;;;;;
2458999.964387, -9.90, 0.31, 20.300000, 32.500000, 18.300000, 35.000000, 0.400000, 20.056000, 19.721000, 20.470000, 17.724000, 19.243000, 23.612000, 20.338000, 17.061000, 20.599000, 19.977000, 20.572000, 20.445000, 20.690000, 20.740000, 21.360000, -120.010000, -176.060000, 0.000001, 769.109000, 768.629000;;;;;;;;;;;;
2458999.964993, -9.47, 0.29, 20.300000, 32.500000, 18.200000, 35.200000, 0.400000, 20.056000, 19.734000, 20.470000, 17.696000, 19.243000, 23.923000, 20.338000, 17.061000, 20.599000, 19.992000, 20.573000, 20.445000, 20.690000, 20.740000, 21.360000, -120.010000, -176.060000, 0.000001, 769.117000, 768.629000;;;;;;;;;;;;
2458999.965597, -10.45, 0.34, 20.300000, 32.500000, 17.900000, 35.600000, 0.400000, 20.056000, 19.714000, 20.470000, 17.632000, 19.244000, 23.581000, 20.337000, 17.060000, 20.599000, 20.110000, 20.574000, 20.446000, 20.680000, 20.750000, 21.370000, -120.000000, -175.930000, 0.000001, 769.111000, 768.628000;;;;;;;;;;;;
2458999.966201, -10.40, 0.28, 20.300000, 32.500000, 17.800000, 36.100000, 0.400000, 20.056000, 19.734000, 20.470000, 17.586000, 19.243000, 23.767000, 20.337000, 17.062000, 20.599000, 20.029000, 20.567000, 20.446000, 20.670000, 20.740000, 21.380000, -120.000000, -175.930000, 0.000001, 769.107000, 768.628000;;;;;;;;;;;;
2458999.966808, -11.81, 0.33, 20.300000, 32.500000, 18.000000, 35.800000, 0.400000, 20.056000, 19.722000, 20.470000, 17.672000, 19.242000, 23.713000, 20.337000, 17.109000, 20.599000, 19.954000, 20.572000, 20.446000, 20.680000, 20.720000, 21.340000, -120.020000, -175.940000, 0.000001, 769.129000, 768.627000;;;;;;;;;;;;
2458999.967413, -11.28, 0.31, 20.300000, 32.500000, 18.100000, 35.400000, 0.400000, 20.056000, 19.734000, 20.470000, 17.685000, 19.243000, 23.693000, 20.337000, 17.117000, 20.599000, 20.089000, 20.566000, 20.446000, 20.700000, 20.740000, 21.370000, -120.000000, -176.030000, 0.000001, 769.134000, 768.626000;;;;;;;;;;;;
2458999.968019, -10.77, 0.26, 20.300000, 32.500000, 18.200000, 35.200000, 0.400000, 20.056000, 19.758000, 20.470000, 17.738000, 19.242000, 23.570000, 20.337000, 17.103000, 20.599000, 20.039000, 20.577000, 20.446000, 20.710000, 20.720000, 21.350000, -120.000000, -175.950000, 0.000001, 769.161000, 768.628000;;;;;;;;;;;;
2458999.968625, -11.35, 0.31, 20.300000, 32.500000, 18.200000, 35.200000, 0.400000, 20.056000, 19.758000, 20.470000, 17.738000, 19.242000, 23.570000, 20.337000, 17.103000, 20.599000, 20.039000, 20.577000, 20.446000, 20.710000, 20.720000, 21.350000, -120.000000, -175.950000, 0.000001, 769.161000, 768.628000;;;;;;;;;;;;
2458999.969229, -10.64, 0.28, 20.300000, 32.500000, 18.300000, 35.000000, 0.400000, 20.056000, 19.761000, 20.470000, 17.716000, 19.242000, 23.462000, 20.337000, 17.100000, 20.599000, 20.069000, 20.573000, 20.446000, 20.690000, 20.730000, 21.330000, -120.010000, -175.950000, 0.000001, 769.174000, 768.625000;;;;;;;;;;;;
2458999.969836, -11.49, 0.28, 20.300000, 32.600000, 18.400000, 34.900000, 0.400000, 20.055000, 19.724000, 20.470000, 17.757000, 19.242000, 23.702000, 20.337000, 17.115000, 20.599000, 20.074000, 20.562000, 20.445000, 20.710000, 20.750000, 21.370000, -120.010000, -176.060000, 0.000001, 769.163000, 768.626000;;;;;;;;;;;;
2458999.970440, -11.37, 0.27, 20.300000, 32.500000, 18.200000, 35.100000, 0.400000, 20.055000, 19.763000, 20.470000, 17.696000, 19.242000, 23.759000, 20.336000, 17.070000, 20.599000, 20.088000, 20.563000, 20.445000, 20.690000, 20.770000, 21.370000, -120.010000, -176.060000, 0.000001, 769.184000, 768.627000;;;;;;;;;;;;
2458999.971045, -11.70, 0.25, 20.300000, 32.600000, 17.900000, 35.600000, 0.400000, 20.055000, 19.750000, 20.470000, 17.614000, 19.241000, 23.945000, 20.336000, 17.097000, 20.599000, 20.086000, 20.565000, 20.445000, 20.710000, 20.730000, 21.360000, -120.000000, -175.960000, 0.000001, 769.178000, 768.627000;;;;;;;;;;;;
2458999.971652, -10.17, 0.23, 20.300000, 32.500000, 17.800000, 35.900000, 0.400000, 20.055000, 19.744000, 20.470000, 17.602000, 19.241000, 23.823000, 20.336000, 17.103000, 20.599000, 20.044000, 20.559000, 20.445000, 20.710000, 20.750000, 21.330000, -120.010000, -175.940000, 0.000001, 769.189000, 768.628000;;;;;;;;;;;;
2458999.972257, -11.27, 0.29, 20.300000, 32.500000, 18.000000, 35.600000, 0.400000, 20.055000, 19.741000, 20.470000, 17.699000, 19.241000, 23.809000, 20.336000, 17.080000, 20.599000, 20.092000, 20.561000, 20.445000, 20.680000, 20.730000, 21.340000, -120.020000, -176.040000, 0.000001, 769.212000, 768.628000;;;;;;;;;;;;
2458999.972862, -10.45, 0.34, 20.300000, 32.500000, 18.200000, 35.300000, 0.400000, 20.055000, 19.755000, 20.470000, 17.696000, 19.240000, 23.932000, 20.335000, 17.098000, 20.599000, 20.102000, 20.557000, 20.445000, 20.700000, 20.760000, 21.340000, -119.990000, -175.970000, 0.000001, 769.204000, 768.627000;;;;;;;;;;;;
2458999.973468, -10.60, 0.29, 20.300000, 32.500000, 18.200000, 35.300000, 0.400000, 20.055000, 19.755000, 20.470000, 17.696000, 19.240000, 23.932000, 20.335000, 17.098000, 20.599000, 20.102000, 20.557000, 20.445000, 20.700000, 20.760000, 21.340000, -119.990000, -175.970000, 0.000001, 769.204000, 768.627000;;;;;;;;;;;;
2458999.974073, -10.83, 0.31, 20.300000, 32.500000, 18.300000, 35.100000, 0.400000, 20.055000, 19.767000, 20.470000, 17.742000, 19.240000, 23.942000, 20.335000, 17.143000, 20.599000, 20.026000, 20.568000, 20.445000, 20.700000, 20.770000, 21.330000, -119.990000, -175.940000, 0.000001, 769.235000, 768.626000;;;;;;;;;;;;
2458999.974677, -10.28, 0.24, 20.300000, 32.600000, 18.400000, 34.900000, 0.400000, 20.055000, 19.727000, 20.470000, 17.763000, 19.240000, 23.852000, 20.335000, 17.139000, 20.599000, 19.958000, 20.575000, 20.445000, 20.700000, 20.730000, 21.360000, -120.000000, -175.940000, 0.000001, 769.226000, 768.627000;;;;;;;;;;;;
2458999.975282, -10.71, 0.24, 20.300000, 32.600000, 18.300000, 34.900000, 0.400000, 20.055000, 19.720000, 20.470000, 17.746000, 19.240000, 24.027000, 20.335000, 17.107000, 20.599000, 20.092000, 20.566000, 20.445000, 20.670000, 20.730000, 21.340000, -120.020000, -176.070000, 0.000001, 769.235000, 768.627000;;;;;;;;;;;;
2458999.975888, -10.78, 0.25, 20.300000, 32.500000, 18.100000, 35.400000, 0.400000, 20.054000, 19.734000, 20.470000, 17.655000, 19.239000, 23.430000, 20.335000, 17.149000, 20.599000, 20.091000, 20.554000, 20.445000, 20.670000, 20.740000, 21.360000, -120.020000, -176.070000, 0.000001, 769.224000, 768.628000;;;;;;;;;;;;
2458999.976493, -10.12, 0.24, 20.300000, 32.500000, 17.800000, 35.800000, 0.400000, 20.054000, 19.728000, 20.470000, 17.595000, 19.239000, 23.626000, 20.334000, 17.111000, 20.599000, 20.062000, 20.546000, 20.445000, 20.670000, 20.740000, 21.380000, -120.000000, -175.930000, 0.000001, 769.235000, 768.626000;;;;;;;;;;;;
2458999.977098, -12.07, 0.26, 20.300000, 32.600000, 18.000000, 35.500000, 0.400000, 20.054000, 19.730000, 20.470000, 17.660000, 19.239000, 23.955000, 20.334000, 17.105000, 20.599000, 20.219000, 20.548000, 20.445000, 20.690000, 20.740000, 21.320000, -120.000000, -176.090000, 0.000001, 769.239000, 768.626000;;;;;;;;;;;;
2458999.977704, -10.84, 0.23, 20.300000, 32.600000, 18.100000, 35.300000, 0.400000, 20.054000, 19.723000, 20.470000, 17.736000, 19.239000, 23.803000, 20.334000, 17.124000, 20.599000, 20.204000, 20.557000, 20.446000, 20.660000, 20.760000, 21.350000, -120.000000, -176.090000, 0.000001, 769.219000, 768.626000;;;;;;;;;;;;
2458999.978310, -10.80, 0.24, 20.300000, 32.600000, 18.100000, 35.300000, 0.400000, 20.054000, 19.723000, 20.470000, 17.736000, 19.239000, 23.803000, 20.334000, 17.124000, 20.599000, 20.204000, 20.557000, 20.446000, 20.660000, 20.760000, 21.350000, -120.000000, -176.090000, 0.000001, 769.219000, 768.626000;;;;;;;;;;;;
2458999.978914, -10.48, 0.25, 20.300000, 32.500000, 18.200000, 35.100000, 0.400000, 20.054000, 19.753000, 20.470000, 17.691000, 19.238000, 23.634000, 20.333000, 17.133000, 20.599000, 20.080000, 20.571000, 20.446000, 20.700000, 20.730000, 21.340000, -120.010000, -176.000000, 0.000001, 769.223000, 768.628000;;;;;;;;;;;;
2458999.979520, -10.59, 0.21, 20.300000, 32.600000, 18.200000, 35.100000, 0.400000, 20.053000, 19.733000, 20.470000, 17.733000, 19.238000, 23.536000, 20.333000, 17.131000, 20.599000, 20.133000, 20.575000, 20.446000, 20.680000, 20.720000, 21.340000, -119.980000, -175.930000, 0.000001, 769.242000, 768.627000;;;;;;;;;;;;
2458999.980125, -9.61, 0.23, 20.300000, 32.600000, 18.300000, 35.000000, 0.400000, 20.053000, 19.749000, 20.470000, 17.734000, 19.238000, 23.997000, 20.333000, 17.131000, 20.599000, 20.077000, 20.573000, 20.446000, 20.700000, 20.720000, 21.320000, -119.980000, -175.930000, 0.000001, 769.219000, 768.627000;;;;;;;;;;;;
2458999.980730, -9.33, 0.21, 20.300000, 32.600000, 18.300000, 34.800000, 0.400000, 20.053000, 19.739000, 20.470000, 17.736000, 19.237000, 23.694000, 20.332000, 17.162000, 20.599000, 20.068000, 20.570000, 20.445000, 20.700000, 20.750000, 21.300000, -120.000000, -175.940000, 0.000001, 769.224000, 768.625000;;;;;;;;;;;;
2458999.981337, -8.31, 0.33, 20.300000, 32.600000, 18.200000, 35.200000, 0.400000, 20.053000, 19.727000, 20.470000, 17.692000, 19.237000, 23.695000, 20.332000, 17.171000, 20.599000, 20.064000, 20.556000, 20.445000, 20.690000, 20.730000, 21.310000, -120.000000, -175.940000, 0.000001, 769.229000, 768.627000;;;;;;;;;;;;
2458999.981941, -9.95, 0.29, 20.300000, 32.600000, 17.900000, 35.500000, 0.400000, 20.053000, 19.749000, 20.470000, 17.615000, 19.237000, 23.694000, 20.332000, 17.132000, 20.599000, 20.013000, 20.563000, 20.445000, 20.680000, 20.740000, 21.360000, -120.000000, -175.980000, 0.000001, 769.260000, 768.627000;;;;;;;;;;;;
2458999.982546, -8.70, 0.24, 20.300000, 32.600000, 18.000000, 35.600000, 0.400000, 20.052000, 19.750000, 20.470000, 17.619000, 19.237000, 23.699000, 20.332000, 17.116000, 20.599000, 19.972000, 20.555000, 20.445000, 20.700000, 20.730000, 21.300000, -120.040000, -175.940000, 0.000001, 769.229000, 768.628000;;;;;;;;;;;;
2458999.983152, -8.69, 0.26, 20.300000, 32.600000, 18.000000, 35.600000, 0.400000, 20.052000, 19.750000, 20.470000, 17.619000, 19.237000, 23.699000, 20.332000, 17.116000, 20.599000, 19.972000, 20.555000, 20.445000, 20.700000, 20.730000, 21.300000, -120.040000, -175.940000, 0.000001, 769.229000, 768.628000;;;;;;;;;;;;
2458999.983757, -8.16, 0.33, 20.300000, 32.600000, 18.100000, 35.300000, 0.400000, 20.052000, 19.733000, 20.470000, 17.664000, 19.236000, 23.700000, 20.332000, 17.128000, 20.599000, 20.007000, 20.558000, 20.445000, 20.690000, 20.730000, 21.350000, -120.040000, -176.070000, 0.000001, 769.253000, 768.627000;;;;;;;;;;;;
2458999.984362, -7.53, 0.30, 20.300000, 32.600000, 18.200000, 35.200000, 0.400000, 20.052000, 19.767000, 20.470000, 17.708000, 19.236000, 23.687000, 20.331000, 17.142000, 20.599000, 20.065000, 20.555000, 20.445000, 20.680000, 20.730000, 21.300000, -120.010000, -176.070000, 0.000001, 769.234000, 768.627000;;;;;;;;;;;;
2458999.984968, -7.62, 0.33, 20.300000, 32.600000, 18.300000, 34.900000, 0.400000, 20.052000, 19.745000, 20.470000, 17.697000, 19.235000, 23.674000, 20.331000, 17.166000, 20.599000, 20.155000, 20.560000, 20.445000, 20.680000, 20.730000, 21.310000, -120.000000, -175.950000, 0.000001, 769.245000, 768.625000;;;;;;;;;;;;
2458999.985572, -5.39, 0.26, 20.300000, 32.600000, 18.400000, 34.700000, 0.400000, 20.052000, 19.722000, 20.470000, 17.711000, 19.235000, 23.758000, 20.331000, 17.179000, 20.599000, 19.961000, 20.554000, 20.444000, 20.700000, 20.740000, 21.310000, -120.000000, -175.950000, 0.000001, 769.214000, 768.625000;;;;;;;;;;;;
2458999.986177, -6.14, 0.22, 20.300000, 32.600000, 18.400000, 34.700000, 0.400000, 20.052000, 19.728000, 20.470000, 17.765000, 19.235000, 23.652000, 20.331000, 17.180000, 20.599000, 19.989000, 20.558000, 20.445000, 20.670000, 20.770000, 21.360000, -119.990000, -175.940000, 0.000001, 769.244000, 768.625000;;;;;;;;;;;;
2458999.986782, -6.60, 0.27, 20.300000, 32.600000, 18.300000, 34.900000, 0.400000, 20.052000, 19.743000, 20.470000, 17.695000, 19.235000, 23.666000, 20.331000, 17.166000, 20.599000, 20.085000, 20.565000, 20.445000, 20.680000, 20.720000, 21.350000, -120.010000, -176.030000, 0.000001, 769.237000, 768.623000;;;;;;;;;;;;
2458999.987388, -5.44, 0.26, 20.300000, 32.600000, 18.000000, 35.400000, 0.400000, 20.051000, 19.733000, 20.470000, 17.629000, 19.235000, 23.507000, 20.330000, 17.152000, 20.598000, 20.090000, 20.567000, 20.445000, 20.680000, 20.710000, 21.370000, -120.010000, -175.940000, 0.000001, 769.230000, 768.624000;;;;;;;;;;;;
2458999.987994, -5.82, 0.26, 20.300000, 32.600000, 18.000000, 35.400000, 0.400000, 20.051000, 19.733000, 20.470000, 17.629000, 19.235000, 23.507000, 20.330000, 17.152000, 20.598000, 20.090000, 20.567000, 20.445000, 20.680000, 20.710000, 21.370000, -120.010000, -175.940000, 0.000001, 769.230000, 768.624000;;;;;;;;;;;;
2458999.988598, -5.92, 0.17, 20.300000, 32.600000, 17.900000, 35.600000, 0.400000, 20.051000, 19.765000, 20.470000, 17.607000, 19.234000, 23.808000, 20.330000, 17.184000, 20.599000, 20.134000, 20.571000, 20.445000, 20.690000, 20.700000, 21.360000, -120.000000, -175.940000, 0.000001, 769.234000, 768.626000;;;;;;;;;;;;
2458999.989204, -6.44, 0.29, 20.300000, 32.600000, 18.000000, 35.400000, 0.400000, 20.051000, 19.723000, 20.470000, 17.641000, 19.234000, 23.397000, 20.329000, 17.183000, 20.599000, 20.097000, 20.569000, 20.445000, 20.680000, 20.760000, 21.350000, -120.040000, -176.090000, 0.000001, 769.216000, 768.624000;;;;;;;;;;;;
2458999.989809, -5.79, 0.33, 20.300000, 32.600000, 18.100000, 35.200000, 0.400000, 20.050000, 19.736000, 20.470000, 17.739000, 19.233000, 23.402000, 20.329000, 17.194000, 20.599000, 20.089000, 20.558000, 20.445000, 20.690000, 20.740000, 21.320000, -120.040000, -176.050000, 0.000001, 769.232000, 768.624000;;;;;;;;;;;;
2458999.990414, -3.87, 0.29, 20.300000, 32.600000, 18.200000, 35.100000, 0.400000, 20.050000, 19.754000, 20.470000, 17.655000, 19.233000, 23.341000, 20.329000, 17.182000, 20.599000, 19.993000, 20.562000, 20.446000, 20.700000, 20.730000, 21.320000, -120.010000, -176.050000, 0.000001, 769.217000, 768.623000;;;;;;;;;;;;
2458999.991020, -3.74, 0.37, 20.300000, 32.600000, 18.300000, 35.000000, 0.400000, 20.050000, 19.752000, 20.470000, 17.757000, 19.233000, 23.369000, 20.329000, 17.192000, 20.599000, 19.982000, 20.558000, 20.445000, 20.690000, 20.730000, 21.340000, -120.010000, -175.930000, 0.000001, 769.209000, 768.624000;;;;;;;;;;;;
2458999.991626, -3.77, 0.22, 20.300000, 32.600000, 18.300000, 35.000000, 0.400000, 20.050000, 19.725000, 20.470000, 17.774000, 19.232000, 23.429000, 20.329000, 17.184000, 20.598000, 19.907000, 20.551000, 20.445000, 20.680000, 20.750000, 21.360000, -120.030000, -176.060000, 0.000001, 769.231000, 768.624000;;;;;;;;;;;;
2458999.992230, -2.81, 0.30, 20.300000, 32.600000, 18.300000, 35.000000, 0.400000, 20.050000, 19.725000, 20.470000, 17.774000, 19.232000, 23.429000, 20.329000, 17.184000, 20.598000, 19.907000, 20.551000, 20.445000, 20.680000, 20.750000, 21.360000, -120.030000, -176.060000, 0.000001, 769.231000, 768.624000;;;;;;;;;;;;
2458999.992836, -2.40, 0.28, 20.300000, 32.600000, 18.300000, 35.000000, 0.400000, 20.050000, 19.743000, 20.470000, 17.765000, 19.232000, 23.474000, 20.328000, 17.155000, 20.598000, 20.034000, 20.554000, 20.444000, 20.700000, 20.710000, 21.280000, -120.030000, -176.020000, 0.000001, 769.195000, 768.625000;;;;;;;;;;;;
2458999.993441, -1.82, 0.29, 20.300000, 32.600000, 18.100000, 35.200000, 0.400000, 20.049000, 19.734000, 20.470000, 17.679000, 19.231000, 23.487000, 20.328000, 17.168000, 20.598000, 20.102000, 20.558000, 20.444000, 20.690000, 20.760000, 21.300000, -120.000000, -176.020000, 0.000001, 769.189000, 768.624000;;;;;;;;;;;;
2458999.994046, -2.79, 0.26, 20.300000, 32.600000, 17.900000, 35.600000, 0.400000, 20.049000, 19.761000, 20.470000, 17.620000, 19.232000, 23.237000, 20.328000, 17.218000, 20.598000, 20.147000, 20.561000, 20.444000, 20.690000, 20.760000, 21.330000, -120.010000, -175.920000, 0.000001, 769.205000, 768.624000;;;;;;;;;;;;
2458999.994652, -2.38, 0.27, 20.300000, 32.600000, 17.900000, 35.700000, 0.400000, 20.049000, 19.747000, 20.470000, 17.639000, 19.230000, 23.335000, 20.328000, 17.205000, 20.598000, 20.085000, 20.571000, 20.445000, 20.690000, 20.720000, 21.350000, -120.010000, -175.920000, 0.000001, 769.190000, 768.623000;;;;;;;;;;;;
2458999.995257, -2.22, 0.29, 20.300000, 32.600000, 18.100000, 35.400000, 0.400000, 20.049000, 19.727000, 20.469000, 17.679000, 19.230000, 23.355000, 20.327000, 17.191000, 20.598000, 20.063000, 20.566000, 20.445000, 20.680000, 20.730000, 21.360000, -120.030000, -176.060000, 0.000001, 769.185000, 768.624000;;;;;;;;;;;;
2458999.995861, -1.38, 0.29, 20.300000, 32.600000, 18.300000, 35.000000, 0.400000, 20.048000, 19.725000, 20.470000, 17.697000, 19.230000, 23.358000, 20.326000, 17.237000, 20.598000, 20.076000, 20.564000, 20.445000, 20.660000, 20.720000, 21.370000, -120.010000, -176.000000, 0.000001, 769.160000, 768.623000;;;;;;;;;;;;
2458999.996468, -1.27, 0.33, 20.300000, 32.600000, 18.300000, 34.800000, 0.400000, 20.048000, 19.738000, 20.470000, 17.727000, 19.229000, 23.429000, 20.326000, 17.253000, 20.598000, 20.012000, 20.571000, 20.445000, 20.680000, 20.730000, 21.360000, -120.010000, -175.930000, 0.000001, 769.174000, 768.623000;;;;;;;;;;;;
2458999.997073, -1.88, 0.29, 20.300000, 32.600000, 18.300000, 34.800000, 0.400000, 20.048000, 19.738000, 20.470000, 17.727000, 19.229000, 23.429000, 20.326000, 17.253000, 20.598000, 20.012000, 20.571000, 20.445000, 20.680000, 20.730000, 21.360000, -120.010000, -175.930000, 0.000001, 769.174000, 768.623000;;;;;;;;;;;;
2458999.997679, -0.86, 0.21, 20.300000, 32.600000, 18.400000, 34.800000, 0.400000, 20.048000, 19.737000, 20.470000, 17.776000, 19.229000, 23.474000, 20.326000, 17.205000, 20.598000, 20.043000, 20.570000, 20.444000, 20.690000, 20.740000, 21.400000, -119.980000, -175.930000, 0.000001, 769.196000, 768.624000;;;;;;;;;;;;
2458999.998284, -1.12, 0.24, 20.300000, 32.600000, 18.300000, 34.800000, 0.400000, 20.048000, 19.723000, 20.470000, 17.764000, 19.229000, 23.432000, 20.326000, 17.220000, 20.598000, 20.022000, 20.567000, 20.444000, 20.670000, 20.730000, 21.360000, -119.980000, -176.040000, 0.000001, 769.177000, 768.623000;;;;;;;;;;;;
2458999.998889, 0.31, 0.30, 20.300000, 32.600000, 18.300000, 34.800000, 0.400000, 20.048000, 19.726000, 20.470000, 17.757000, 19.228000, 23.566000, 20.325000, 17.229000, 20.598000, 20.092000, 20.566000, 20.443000, 20.680000, 20.750000, 21.340000, -120.000000, -176.040000, 0.000001, 769.159000, 768.622000;;;;;;;;;;;;
2458999.999494, -0.61, 0.25, 20.300000, 32.600000, 18.100000, 35.200000, 0.400000, 20.048000, 19.743000, 20.470000, 17.690000, 19.228000, 23.217000, 20.325000, 17.217000, 20.598000, 20.166000, 20.557000, 20.443000, 20.690000, 20.700000, 21.310000, -120.000000, -175.930000, 0.000001, 769.179000, 768.623000;;;;;;;;;;;;
2459000.000098, -1.17, 0.33, 20.300000, 32.600000, 17.900000, 35.500000, 0.400000, 20.048000, 19.749000, 20.469000, 17.620000, 19.227000, 23.134000, 20.325000, 17.216000, 20.598000, 20.019000, 20.562000, 20.443000, 20.690000, 20.720000, 21.280000, -120.000000, -175.930000, 0.000001, 769.156000, 768.623000;;;;;;;;;;;;
2459000.000704, 0.00, 0.28, 20.300000, 32.600000, 18.000000, 35.400000, 0.400000, 20.047000, 19.718000, 20.469000, 17.650000, 19.227000, 23.086000, 20.324000, 17.236000, 20.597000, 19.984000, 20.555000, 20.442000, 20.680000, 20.740000, 21.300000, -120.020000, -176.060000, 0.000001, 769.164000, 768.623000;;;;;;;;;;;;
2459000.001310, -0.53, 0.29, 20.300000, 32.600000, 18.100000, 35.200000, 0.400000, 20.047000, 19.746000, 20.469000, 17.722000, 19.226000, 23.437000, 20.324000, 17.249000, 20.598000, 20.065000, 20.543000, 20.443000, 20.700000, 20.730000, 21.310000, -119.990000, -175.940000, 0.000001, 769.158000, 768.623000;;;;;;;;;;;;
2459000.001916, -0.16, 0.29, 20.300000, 32.600000, 18.100000, 35.200000, 0.400000, 20.047000, 19.746000, 20.469000, 17.722000, 19.226000, 23.437000, 20.324000, 17.249000, 20.598000, 20.065000, 20.543000, 20.443000, 20.700000, 20.730000, 21.310000, -119.990000, -175.940000, 0.000001, 769.158000, 768.623000;;;;;;;;;;;;
2459000.002521, 0.14, 0.29, 20.300000, 32.600000, 18.200000, 35.100000, 0.400000, 20.047000, 19.753000, 20.469000, 17.704000, 19.225000, 23.125000, 20.323000, 17.244000, 20.597000, 20.066000, 20.540000, 20.442000, 20.690000, 20.690000, 21.320000, -119.990000, -175.940000, 0.000001, 769.156000, 768.621000;;;;;;;;;;;;
2459000.003127, 0.94, 0.27, 20.300000, 32.600000, 18.200000, 35.000000, 0.400000, 20.047000, 19.749000, 20.469000, 17.770000, 19.225000, 23.389000, 20.323000, 17.230000, 20.597000, 20.028000, 20.546000, 20.443000, 20.700000, 20.740000, 21.330000, -120.010000, -175.940000, 0.000001, 769.151000, 768.621000;;;;;;;;;;;;
2459000.003733, 2.09, 0.23, 20.300000, 32.600000, 18.300000, 34.900000, 0.400000, 20.046000, 19.745000, 20.469000, 17.738000, 19.225000, 23.416000, 20.322000, 17.249000, 20.597000, 19.968000, 20.549000, 20.442000, 20.690000, 20.750000, 21.290000, -120.010000, -176.060000, 0.000001, 769.134000, 768.621000;;;;;;;;;;;;
2459000.004337, 2.71, 0.28, 20.300000, 32.600000, 18.300000, 34.800000, 0.400000, 20.046000, 19.737000, 20.469000, 17.776000, 19.224000, 23.177000, 20.322000, 17.257000, 20.597000, 20.000000, 20.568000, 20.443000, 20.660000, 20.750000, 21.330000, -120.010000, -176.060000, 0.000001, 769.077000, 768.621000;;;;;;;;;;;;
2459000.004942, 1.98, 0.32, 20.300000, 32.600000, 18.300000, 34.800000, 0.400000, 20.046000, 19.748000, 20.469000, 17.787000, 19.224000, 23.430000, 20.322000, 17.235000, 20.597000, 20.024000, 20.548000, 20.442000, 20.670000, 20.740000, 21.310000, -119.980000, -175.930000, 0.000001, 769.124000, 768.620000;;;;;;;;;;;;
2459000.005547, 2.12, 0.28, 20.300000, 32.600000, 18.100000, 35.100000, 0.400000, 20.045000, 19.734000, 20.469000, 17.700000, 19.223000, 23.462000, 20.322000, 17.227000, 20.597000, 20.008000, 20.546000, 20.442000, 20.670000, 20.710000, 21.340000, -120.020000, -175.940000, 0.000001, 769.109000, 768.619000;;;;;;;;;;;;
2459000.006154, 3.28, 0.35, 20.300000, 32.600000, 17.900000, 35.600000, 0.400000, 20.045000, 19.727000, 20.469000, 17.619000, 19.223000, 23.304000, 20.322000, 17.281000, 20.597000, 19.920000, 20.552000, 20.441000, 20.660000, 20.730000, 21.350000, -120.020000, -176.040000, 0.000001, 769.117000, 768.621000;;;;;;;;;;;;
2459000.006759, 3.50, 0.23, 20.300000, 32.600000, 17.900000, 35.600000, 0.400000, 20.045000, 19.727000, 20.469000, 17.619000, 19.223000, 23.304000, 20.322000, 17.281000, 20.597000, 19.920000, 20.552000, 20.441000, 20.660000, 20.730000, 21.350000, -120.020000, -176.040000, 0.000001, 769.117000, 768.621000;;;;;;;;;;;;
2459000.007365, 5.33, 0.23, 20.300000, 32.600000, 17.900000, 35.500000, 0.400000, 20.045000, 19.749000, 20.469000, 17.567000, 19.223000, 23.483000, 20.321000, 17.267000, 20.597000, 19.960000, 20.556000, 20.441000, 20.680000, 20.720000, 21.310000, -120.010000, -176.040000, 0.000001, 769.103000, 768.620000;;;;;;;;;;;;
2459000.007970, 5.99, 0.28, 20.300000, 32.600000, 18.100000, 35.300000, 0.400000, 20.044000, 19.726000, 20.469000, 17.678000, 19.222000, 23.498000, 20.320000, 17.251000, 20.597000, 20.047000, 20.542000, 20.441000, 20.660000, 20.740000, 21.330000, -119.990000, -175.930000, 0.000001, 769.073000, 768.620000;;;;;;;;;;;;
2459000.008576, 4.88, 0.30, 20.300000, 32.600000, 18.200000, 35.100000, 0.400000, 20.044000, 19.744000, 20.469000, 17.720000, 19.222000, 23.580000, 20.320000, 17.262000, 20.597000, 19.943000, 20.550000, 20.441000, 20.660000, 20.720000, 21.310000, -120.030000, -175.930000, 0.000001, 769.097000, 768.621000;;;;;;;;;;;;
2459000.009182, 5.82, 0.30, 20.300000, 32.600000, 18.300000, 35.000000, 0.400000, 20.044000, 19.726000, 20.469000, 17.688000, 19.221000, 23.440000, 20.321000, 17.277000, 20.597000, 20.040000, 20.558000, 20.442000, 20.660000, 20.720000, 21.310000, -120.030000, -175.930000, 0.000001, 769.103000, 768.620000;;;;;;;;;;;;
2459000.009788, 7.34, 0.25, 20.300000, 32.600000, 18.400000, 34.800000, 0.400000, 20.044000, 19.728000, 20.469000, 17.703000, 19.220000, 23.387000, 20.320000, 17.284000, 20.597000, 20.059000, 20.555000, 20.441000, 20.680000, 20.720000, 21.270000, -120.010000, -175.990000, 0.000001, 769.052000, 768.619000;;;;;;;;;;;;
2459000.010394, 8.07, 0.26, 20.300000, 32.600000, 18.400000, 34.600000, 0.400000, 20.043000, 19.761000, 20.469000, 17.738000, 19.220000, 23.394000, 20.320000, 17.262000, 20.596000, 19.970000, 20.559000, 20.442000, 20.670000, 20.730000, 21.310000, -120.020000, -175.940000, 0.000001, 769.049000, 768.618000;;;;;;;;;;;;
2459000.010999, 8.13, 0.28, 20.300000, 32.600000, 18.200000, 35.000000, 0.400000, 20.043000, 19.736000, 20.469000, 17.695000, 19.220000, 23.396000, 20.320000, 17.270000, 20.597000, 20.002000, 20.562000, 20.442000, 20.690000, 20.710000, 21.330000, -120.010000, -175.940000, 0.000001, 769.079000, 768.619000;;;;;;;;;;;;
2459000.011604, 9.34, 0.32, 20.300000, 32.600000, 18.200000, 35.000000, 0.400000, 20.043000, 19.736000, 20.469000, 17.695000, 19.220000, 23.396000, 20.320000, 17.270000, 20.597000, 20.002000, 20.562000, 20.442000, 20.690000, 20.710000, 21.330000, -120.010000, -175.940000, 0.000001, 769.079000, 768.619000;;;;;;;;;;;;
2459000.012209, 9.34, 0.30, 20.300000, 32.600000, 17.900000, 35.500000, 0.400000, 20.043000, 19.722000, 20.469000, 17.636000, 19.220000, 23.321000, 20.320000, 17.262000, 20.596000, 20.058000, 20.552000, 20.441000, 20.700000, 20.740000, 21.340000, -120.000000, -176.050000, 0.000001, 769.036000, 768.620000;;;;;;;;;;;;
2459000.012815, 10.55, 0.29, 20.300000, 32.600000, 17.900000, 35.700000, 0.400000, 20.043000, 19.733000, 20.469000, 17.606000, 19.219000, 23.412000, 20.320000, 17.289000, 20.596000, 20.072000, 20.555000, 20.442000, 20.660000, 20.720000, 21.290000, -120.000000, -175.970000, 0.000001, 769.045000, 768.618000;;;;;;;;;;;;
2459000.013420, 10.19, 0.32, 20.300000, 32.600000, 18.000000, 35.500000, 0.400000, 20.043000, 19.739000, 20.469000, 17.701000, 19.219000, 23.152000, 20.319000, 17.277000, 20.596000, 20.025000, 20.559000, 20.441000, 20.670000, 20.700000, 21.330000, -120.010000, -175.970000, 0.000001, 769.037000, 768.617000;;;;;;;;;;;;
2459000.014027, 11.06, 0.28, 20.300000, 32.600000, 18.100000, 35.200000, 0.400000, 20.042000, 19.738000, 20.468000, 17.678000, 19.218000, 23.394000, 20.319000, 17.277000, 20.596000, 19.988000, 20.561000, 20.441000, 20.700000, 20.740000, 21.320000, -119.980000, -175.950000, 0.000001, 769.000000, 768.617000;;;;;;;;;;;;
2459000.014632, 12.18, 0.24, 20.300000, 32.600000, 18.100000, 35.200000, 0.400000, 20.042000, 19.738000, 20.468000, 17.678000, 19.218000, 23.394000, 20.319000, 17.277000, 20.596000, 19.988000, 20.561000, 20.441000, 20.700000, 20.740000, 21.320000, -119.980000, -175.950000, 0.000001, 769.000000, 768.617000;;;;;;;;;;;;
