JD_UTC,RV,RV_ERR,FIES_ROOM_WEBSENSOR1_TEMPERATURE_NEAR_CEILING,FIES_ROOM_WEBSENSOR1_HUMIDITY,FIES_FRONT_ROOM_WEBSENSOR2_TEMPERATURE,FIES_FRONT_ROOM_WEBSENSOR2_HUMIDITY,FIES_FRONT_ROOM_WEBSENSOR2_ILLUMINATION,FIES_INSIDE_BLACK_BOX_AT_REAR,FIES_ROOM_NEAR_CEILING_AND_FAN_CONTROL,FIES_UNDER_GRATING_IN_TANK,FIES_FRONT_ROOM,FIES_BELOW_TABLE,FIES_ABOVE_HEATER_RADIATOR,FIES_INSIDE_BLACK_BOX_CENTRE,FIES_ABOVE_CEILING,FIES_GRATING_TANK_HOUSING,FIES_INSIDE_WHITE_BOX_REAR,FIES_INSIDE_WHITE_BOX_CENTRE,FIES_INSIDE_WHITE_BOX_UNDER_DEWAR_INCLUDE_GND,FIES_CEILING_NEAR_INSTRUMENT_AARHUS_1,FIES_INSIDE_BLACK_BOX_AARHUS_2,FIES_INSIDE_WHITE_BOX_UNDER_DEWAR_AARHUS_3,FIES_DETECTOR_TEMPERATURE,FIES_DEWAR_TEMPERATURE,FIES_DETECTOR_PRESSURE,FIES_ATMOSPHERIC_PRESSURE,FIES_GRATING_TANK_PRESSURE
2458927.169131, -6.92, 0.21, 20.200000, 23.900000, 19.000000, 16.400000, 0.400000, 20.480000, 19.793000, 20.572000, 18.965000, 19.512000, 26.880000, 20.559000, 12.554000, 20.701000, 20.568000, 20.361000, 20.917000, 20.790000, 20.970000, 21.360000, -119.990000, -172.870000, 0.000001, 768.729000, 770.096000
2458927.169321, -9.90, 0.23, 20.200000, 23.900000, 19.000000, 16.400000, 0.400000, 20.480000, 19.793000, 20.572000, 18.965000, 19.512000, 26.880000, 20.559000, 12.554000, 20.701000, 20.568000, 20.361000, 20.917000, 20.790000, 20.970000, 21.360000, -119.990000, -172.870000, 0.000001, 768.729000, 770.096000
2458927.169510, -11.77, 0.16, 20.200000, 23.900000, 18.900000, 16.500000, 0.400000, 20.479000, 19.775000, 20.572000, 18.922000, 19.551000, 25.446000, 20.558000, 12.576000, 20.701000, 20.528000, 20.357000, 20.909000, 20.770000, 20.950000, 21.290000, -120.000000, -172.880000, 0.000001, 768.699000, 770.096000
2458927.169699, -9.39, 0.24, 20.200000, 23.900000, 18.900000, 16.500000, 0.400000, 20.479000, 19.775000, 20.572000, 18.922000, 19.551000, 25.446000, 20.558000, 12.576000, 20.701000, 20.528000, 20.357000, 20.909000, 20.770000, 20.950000, 21.290000, -120.000000, -172.880000, 0.000001, 768.699000, 770.096000
2458927.169889, -12.74, 0.18, 20.200000, 23.900000, 18.900000, 16.500000, 0.400000, 20.479000, 19.775000, 20.572000, 18.922000, 19.551000, 25.446000, 20.558000, 12.576000, 20.701000, 20.528000, 20.357000, 20.909000, 20.770000, 20.950000, 21.290000, -120.000000, -172.880000, 0.000001, 768.699000, 770.096000
2458927.170078, -11.52, 0.19, 20.200000, 23.900000, 18.700000, 16.700000, 0.400000, 20.480000, 19.811000, 20.572000, 18.820000, 19.554000, 26.609000, 20.559000, 12.506000, 20.701000, 20.543000, 20.358000, 20.900000, 20.810000, 21.010000, 21.310000, -119.990000, -172.880000, 0.000001, 768.746000, 770.096000
2458927.170267, -16.40, 0.22, 20.200000, 23.900000, 18.700000, 16.700000, 0.400000, 20.480000, 19.811000, 20.572000, 18.820000, 19.554000, 26.609000, 20.559000, 12.506000, 20.701000, 20.543000, 20.358000, 20.900000, 20.810000, 21.010000, 21.310000, -119.990000, -172.880000, 0.000001, 768.746000, 770.096000
2458927.170456, -12.11, 0.16, 20.200000, 23.900000, 18.700000, 16.700000, 0.400000, 20.480000, 19.811000, 20.572000, 18.820000, 19.554000, 26.609000, 20.559000, 12.506000, 20.701000, 20.543000, 20.358000, 20.900000, 20.810000, 21.010000, 21.310000, -119.990000, -172.880000, 0.000001, 768.746000, 770.096000
2458927.170646, -15.30, 0.21, 20.200000, 23.900000, 18.700000, 16.700000, 0.400000, 20.480000, 19.811000, 20.572000, 18.820000, 19.554000, 26.609000, 20.559000, 12.506000, 20.701000, 20.543000, 20.358000, 20.900000, 20.810000, 21.010000, 21.310000, -119.990000, -172.880000, 0.000001, 768.746000, 770.096000
2458927.170834, -16.27, 0.20, 20.200000, 23.900000, 18.700000, 16.700000, 0.400000, 20.480000, 19.802000, 20.572000, 18.734000, 19.559000, 25.565000, 20.560000, 12.666000, 20.701000, 20.482000, 20.360000, 20.913000, 20.800000, 20.980000, 21.340000, -119.990000, -172.860000, 0.000001, 768.713000, 770.096000
2458927.171024, -13.42, 0.21, 20.200000, 23.900000, 18.700000, 16.700000, 0.400000, 20.480000, 19.802000, 20.572000, 18.734000, 19.559000, 25.565000, 20.560000, 12.666000, 20.701000, 20.482000, 20.360000, 20.913000, 20.800000, 20.980000, 21.340000, -119.990000, -172.860000, 0.000001, 768.713000, 770.096000
2458927.171214, -19.47, 0.20, 20.200000, 23.900000, 18.700000, 16.700000, 0.400000, 20.480000, 19.802000, 20.572000, 18.734000, 19.559000, 25.565000, 20.560000, 12.666000, 20.701000, 20.482000, 20.360000, 20.913000, 20.800000, 20.980000, 21.340000, -119.990000, -172.860000, 0.000001, 768.713000, 770.096000
2458927.171403, -18.07, 0.23, 20.200000, 23.900000, 18.700000, 16.700000, 0.400000, 20.480000, 19.802000, 20.572000, 18.734000, 19.559000, 25.565000, 20.560000, 12.666000, 20.701000, 20.482000, 20.360000, 20.913000, 20.800000, 20.980000, 21.340000, -119.990000, -172.860000, 0.000001, 768.713000, 770.096000
2458927.171593, -18.55, 0.23, 20.200000, 23.800000, 18.800000, 16.500000, 0.400000, 20.480000, 19.764000, 20.571000, 18.764000, 19.555000, 26.230000, 20.560000, 12.631000, 20.701000, 20.481000, 20.359000, 20.928000, 20.820000, 21.000000, 21.310000, -120.000000, -172.890000, 0.000001, 768.700000, 770.094000
2458927.171781, -18.39, 0.24, 20.200000, 23.800000, 18.800000, 16.500000, 0.400000, 20.480000, 19.764000, 20.571000, 18.764000, 19.555000, 26.230000, 20.560000, 12.631000, 20.701000, 20.481000, 20.359000, 20.928000, 20.820000, 21.000000, 21.310000, -120.000000, -172.890000, 0.000001, 768.700000, 770.094000
2458927.171971, -20.37, 0.20, 20.200000, 23.800000, 18.800000, 16.500000, 0.400000, 20.480000, 19.764000, 20.571000, 18.764000, 19.555000, 26.230000, 20.560000, 12.631000, 20.701000, 20.481000, 20.359000, 20.928000, 20.820000, 21.000000, 21.310000, -120.000000, -172.890000, 0.000001, 768.700000, 770.094000
2458927.172160, -25.28, 0.21, 20.200000, 23.800000, 19.100000, 16.300000, 0.400000, 20.480000, 19.783000, 20.572000, 18.415000, 19.561000, 25.605000, 20.560000, 12.692000, 20.701000, 20.472000, 20.362000, 20.917000, 20.800000, 20.990000, 21.290000, -120.010000, -172.840000, 0.000001, 768.714000, 770.098000
2458927.172350, -19.59, 0.20, 20.200000, 23.800000, 19.100000, 16.300000, 0.400000, 20.480000, 19.783000, 20.572000, 18.415000, 19.561000, 25.605000, 20.560000, 12.692000, 20.701000, 20.472000, 20.362000, 20.917000, 20.800000, 20.990000, 21.290000, -120.010000, -172.840000, 0.000001, 768.714000, 770.098000
2458927.172539, -20.45, 0.17, 20.200000, 23.800000, 19.100000, 16.300000, 0.400000, 20.480000, 19.783000, 20.572000, 18.415000, 19.561000, 25.605000, 20.560000, 12.692000, 20.701000, 20.472000, 20.362000, 20.917000, 20.800000, 20.990000, 21.290000, -120.010000, -172.840000, 0.000001, 768.714000, 770.098000
2458927.172728, -21.72, 0.21, 20.200000, 23.800000, 19.100000, 16.300000, 0.400000, 20.480000, 19.783000, 20.572000, 18.415000, 19.561000, 25.605000, 20.560000, 12.692000, 20.701000, 20.472000, 20.362000, 20.917000, 20.800000, 20.990000, 21.290000, -120.010000, -172.840000, 0.000001, 768.714000, 770.098000
2458927.172918, -17.00, 0.24, 20.200000, 23.800000, 19.400000, 16.000000, 0.400000, 20.479000, 19.762000, 20.572000, 18.506000, 19.596000, 24.779000, 20.560000, 12.710000, 20.702000, 20.440000, 20.363000, 20.904000, 20.780000, 21.010000, 21.280000, -120.010000, -172.840000, 0.000001, 768.635000, 770.096000
2458927.173106, -17.74, 0.20, 20.200000, 23.800000, 19.400000, 16.000000, 0.400000, 20.479000, 19.762000, 20.572000, 18.506000, 19.596000, 24.779000, 20.560000, 12.710000, 20.702000, 20.440000, 20.363000, 20.904000, 20.780000, 21.010000, 21.280000, -120.010000, -172.840000, 0.000001, 768.635000, 770.096000
2458927.173296, -20.27, 0.19, 20.200000, 23.800000, 19.400000, 16.000000, 0.400000, 20.479000, 19.762000, 20.572000, 18.506000, 19.596000, 24.779000, 20.560000, 12.710000, 20.702000, 20.440000, 20.363000, 20.904000, 20.780000, 21.010000, 21.280000, -120.010000, -172.840000, 0.000001, 768.635000, 770.096000
2458927.173485, -20.68, 0.24, 20.200000, 23.800000, 19.400000, 16.000000, 0.400000, 20.479000, 19.762000, 20.572000, 18.506000, 19.596000, 24.779000, 20.560000, 12.710000, 20.702000, 20.440000, 20.363000, 20.904000, 20.780000, 21.010000, 21.280000, -120.010000, -172.840000, 0.000001, 768.635000, 770.096000
2458927.173675, -21.99, 0.24, 20.200000, 23.900000, 19.700000, 15.800000, 0.400000, 20.481000, 19.742000, 20.572000, 18.562000, 19.605000, 25.933000, 20.562000, 12.613000, 20.702000, 20.401000, 20.363000, 20.910000, 20.750000, 20.990000, 21.270000, -120.010000, -172.880000, 0.000001, 768.840000, 770.095000
2458927.173865, -16.74, 0.18, 20.200000, 23.900000, 19.700000, 15.800000, 0.400000, 20.481000, 19.742000, 20.572000, 18.562000, 19.605000, 25.933000, 20.562000, 12.613000, 20.702000, 20.401000, 20.363000, 20.910000, 20.750000, 20.990000, 21.270000, -120.010000, -172.880000, 0.000001, 768.840000, 770.095000
2458927.174053, -23.53, 0.19, 20.200000, 23.900000, 19.700000, 15.800000, 0.400000, 20.481000, 19.742000, 20.572000, 18.562000, 19.605000, 25.933000, 20.562000, 12.613000, 20.702000, 20.401000, 20.363000, 20.910000, 20.750000, 20.990000, 21.270000, -120.010000, -172.880000, 0.000001, 768.840000, 770.095000
2458927.174243, -22.23, 0.25, 20.100000, 23.900000, 19.800000, 15.700000, 0.400000, 20.481000, 19.769000, 20.572000, 18.703000, 19.584000, 24.834000, 20.563000, 12.613000, 20.702000, 20.416000, 20.363000, 20.909000, 20.780000, 21.010000, 21.300000, -120.000000, -172.970000, 0.000001, 768.741000, 770.095000
2458927.174432, -20.06, 0.23, 20.100000, 23.900000, 19.800000, 15.700000, 0.400000, 20.481000, 19.769000, 20.572000, 18.703000, 19.584000, 24.834000, 20.563000, 12.613000, 20.702000, 20.416000, 20.363000, 20.909000, 20.780000, 21.010000, 21.300000, -120.000000, -172.970000, 0.000001, 768.741000, 770.095000
2458927.174622, -19.57, 0.16, 20.100000, 23.900000, 19.800000, 15.700000, 0.400000, 20.481000, 19.769000, 20.572000, 18.703000, 19.584000, 24.834000, 20.563000, 12.613000, 20.702000, 20.416000, 20.363000, 20.909000, 20.780000, 21.010000, 21.300000, -120.000000, -172.970000, 0.000001, 768.741000, 770.095000
2458927.174810, -17.40, 0.27, 20.100000, 23.900000, 19.800000, 15.700000, 0.400000, 20.481000, 19.769000, 20.572000, 18.703000, 19.584000, 24.834000, 20.563000, 12.613000, 20.702000, 20.416000, 20.363000, 20.909000, 20.780000, 21.010000, 21.300000, -120.000000, -172.970000, 0.000001, 768.741000, 770.095000
2458927.175000, -15.38, 0.22, 20.100000, 23.900000, 19.900000, 15.800000, 0.400000, 20.480000, 19.752000, 20.572000, 18.757000, 19.609000, 24.840000, 20.561000, 12.523000, 20.702000, 20.420000, 20.363000, 20.908000, 20.770000, 21.000000, 21.320000, -120.010000, -172.910000, 0.000001, 768.627000, 770.096000
2458927.175189, -16.01, 0.22, 20.100000, 23.900000, 19.900000, 15.800000, 0.400000, 20.480000, 19.752000, 20.572000, 18.757000, 19.609000, 24.840000, 20.561000, 12.523000, 20.702000, 20.420000, 20.363000, 20.908000, 20.770000, 21.000000, 21.320000, -120.010000, -172.910000, 0.000001, 768.627000, 770.096000
2458927.175378, -13.61, 0.24, 20.100000, 23.900000, 19.900000, 15.800000, 0.400000, 20.480000, 19.752000, 20.572000, 18.757000, 19.609000, 24.840000, 20.561000, 12.523000, 20.702000, 20.420000, 20.363000, 20.908000, 20.770000, 21.000000, 21.320000, -120.010000, -172.910000, 0.000001, 768.627000, 770.096000
2458927.175567, -16.12, 0.23, 20.100000, 23.900000, 19.900000, 15.800000, 0.400000, 20.480000, 19.752000, 20.572000, 18.757000, 19.609000, 24.840000, 20.561000, 12.523000, 20.702000, 20.420000, 20.363000, 20.908000, 20.770000, 21.000000, 21.320000, -120.010000, -172.910000, 0.000001, 768.627000, 770.096000
2458927.175757, -19.08, 0.18, 20.100000, 24.000000, 20.000000, 15.700000, 0.400000, 20.481000, 19.742000, 20.572000, 18.824000, 19.589000, 25.678000, 20.562000, 12.518000, 20.702000, 20.509000, 20.361000, 20.919000, 20.740000, 21.000000, 21.350000, -120.000000, -172.980000, 0.000001, 768.572000, 770.095000
2458927.175946, -18.55, 0.18, 20.100000, 24.000000, 20.000000, 15.700000, 0.400000, 20.481000, 19.742000, 20.572000, 18.824000, 19.589000, 25.678000, 20.562000, 12.518000, 20.702000, 20.509000, 20.361000, 20.919000, 20.740000, 21.000000, 21.350000, -120.000000, -172.980000, 0.000001, 768.572000, 770.095000
2458927.176135, -17.71, 0.21, 20.100000, 24.000000, 20.000000, 15.700000, 0.400000, 20.481000, 19.742000, 20.572000, 18.824000, 19.589000, 25.678000, 20.562000, 12.518000, 20.702000, 20.509000, 20.361000, 20.919000, 20.740000, 21.000000, 21.350000, -120.000000, -172.980000, 0.000001, 768.572000, 770.095000
2458927.176325, -20.39, 0.22, 20.100000, 24.000000, 19.800000, 15.800000, 0.400000, 20.481000, 19.703000, 20.572000, 18.996000, 19.626000, 25.533000, 20.563000, 12.574000, 20.702000, 20.511000, 20.361000, 20.917000, 20.780000, 21.010000, 21.330000, -120.020000, -172.980000, 0.000001, 768.699000, 770.095000
2458927.176514, -20.93, 0.24, 20.100000, 24.000000, 19.800000, 15.800000, 0.400000, 20.481000, 19.703000, 20.572000, 18.996000, 19.626000, 25.533000, 20.563000, 12.574000, 20.702000, 20.511000, 20.361000, 20.917000, 20.780000, 21.010000, 21.330000, -120.020000, -172.980000, 0.000001, 768.699000, 770.095000
2458927.176704, -21.56, 0.21, 20.100000, 24.000000, 19.800000, 15.800000, 0.400000, 20.481000, 19.703000, 20.572000, 18.996000, 19.626000, 25.533000, 20.563000, 12.574000, 20.702000, 20.511000, 20.361000, 20.917000, 20.780000, 21.010000, 21.330000, -120.020000, -172.980000, 0.000001, 768.699000, 770.095000
2458927.176892, -24.77, 0.21, 20.100000, 24.000000, 19.800000, 15.800000, 0.400000, 20.481000, 19.703000, 20.572000, 18.996000, 19.626000, 25.533000, 20.563000, 12.574000, 20.702000, 20.511000, 20.361000, 20.917000, 20.780000, 21.010000, 21.330000, -120.020000, -172.980000, 0.000001, 768.699000, 770.095000
2458927.177082, -25.60, 0.23, 20.100000, 23.900000, 19.400000, 16.200000, 0.400000, 20.482000, 19.742000, 20.572000, 18.781000, 19.578000, 24.228000, 20.564000, 12.641000, 20.701000, 20.518000, 20.359000, 20.910000, 20.730000, 21.040000, 21.300000, -119.970000, -173.010000, 0.000001, 768.698000, 770.095000
2458927.177271, -21.45, 0.21, 20.100000, 23.900000, 19.400000, 16.200000, 0.400000, 20.482000, 19.742000, 20.572000, 18.781000, 19.578000, 24.228000, 20.564000, 12.641000, 20.701000, 20.518000, 20.359000, 20.910000, 20.730000, 21.040000, 21.300000, -119.970000, -173.010000, 0.000001, 768.698000, 770.095000
2458927.177461, -20.42, 0.20, 20.100000, 23.900000, 19.400000, 16.200000, 0.400000, 20.482000, 19.742000, 20.572000, 18.781000, 19.578000, 24.228000, 20.564000, 12.641000, 20.701000, 20.518000, 20.359000, 20.910000, 20.730000, 21.040000, 21.300000, -119.970000, -173.010000, 0.000001, 768.698000, 770.095000
2458927.177649, -22.95, 0.19, 20.100000, 23.900000, 19.400000, 16.200000, 0.400000, 20.482000, 19.742000, 20.572000, 18.781000, 19.578000, 24.228000, 20.564000, 12.641000, 20.701000, 20.518000, 20.359000, 20.910000, 20.730000, 21.040000, 21.300000, -119.970000, -173.010000, 0.000001, 768.698000, 770.095000
2458927.177839, -24.28, 0.19, 20.100000, 23.900000, 19.100000, 16.400000, 0.400000, 20.481000, 19.799000, 20.572000, 18.686000, 19.565000, 24.824000, 20.563000, 12.638000, 20.702000, 20.568000, 20.363000, 20.908000, 20.790000, 21.000000, 21.340000, -120.010000, -172.930000, 0.000001, 768.629000, 770.096000
2458927.178028, -27.69, 0.28, 20.100000, 23.900000, 19.100000, 16.400000, 0.400000, 20.481000, 19.799000, 20.572000, 18.686000, 19.565000, 24.824000, 20.563000, 12.638000, 20.702000, 20.568000, 20.363000, 20.908000, 20.790000, 21.000000, 21.340000, -120.010000, -172.930000, 0.000001, 768.629000, 770.096000
2458927.178218, -28.99, 0.23, 20.100000, 23.900000, 19.100000, 16.400000, 0.400000, 20.481000, 19.799000, 20.572000, 18.686000, 19.565000, 24.824000, 20.563000, 12.638000, 20.702000, 20.568000, 20.363000, 20.908000, 20.790000, 21.000000, 21.340000, -120.010000, -172.930000, 0.000001, 768.629000, 770.096000
2458927.178406, -29.65, 0.25, 20.100000, 23.900000, 18.900000, 16.500000, 0.400000, 20.482000, 19.710000, 20.572000, 18.572000, 19.542000, 24.461000, 20.564000, 12.613000, 20.702000, 20.422000, 20.359000, 20.909000, 20.760000, 20.980000, 21.340000, -120.010000, -172.950000, 0.000001, 768.655000, 770.095000
2458927.178595, -34.04, 0.19, 20.100000, 23.900000, 18.900000, 16.500000, 0.400000, 20.482000, 19.710000, 20.572000, 18.572000, 19.542000, 24.461000, 20.564000, 12.613000, 20.702000, 20.422000, 20.359000, 20.909000, 20.760000, 20.980000, 21.340000, -120.010000, -172.950000, 0.000001, 768.655000, 770.095000
2458927.178785, -29.30, 0.20, 20.100000, 23.900000, 18.900000, 16.500000, 0.400000, 20.482000, 19.710000, 20.572000, 18.572000, 19.542000, 24.461000, 20.564000, 12.613000, 20.702000, 20.422000, 20.359000, 20.909000, 20.760000, 20.980000, 21.340000, -120.010000, -172.950000, 0.000001, 768.655000, 770.095000
2458927.178973, -29.93, 0.18, 20.100000, 23.900000, 18.900000, 16.500000, 0.400000, 20.482000, 19.710000, 20.572000, 18.572000, 19.542000, 24.461000, 20.564000, 12.613000, 20.702000, 20.422000, 20.359000, 20.909000, 20.760000, 20.980000, 21.340000, -120.010000, -172.950000, 0.000001, 768.655000, 770.095000
2458927.179163, -31.87, 0.23, 20.100000, 23.800000, 18.800000, 16.700000, 0.400000, 20.482000, 19.700000, 20.572000, 18.561000, 19.587000, 25.392000, 20.565000, 12.651000, 20.702000, 20.402000, 20.361000, 20.901000, 20.770000, 21.000000, 21.270000, -120.010000, -172.970000, 0.000001, 768.658000, 770.095000
2458927.179356, -32.69, 0.25, 20.100000, 23.800000, 18.800000, 16.700000, 0.400000, 20.482000, 19.700000, 20.572000, 18.561000, 19.587000, 25.392000, 20.565000, 12.651000, 20.702000, 20.402000, 20.361000, 20.901000, 20.770000, 21.000000, 21.270000, -120.010000, -172.970000, 0.000001, 768.658000, 770.095000
2458927.179546, -37.24, 0.22, 20.100000, 23.800000, 18.800000, 16.700000, 0.400000, 20.482000, 19.700000, 20.572000, 18.561000, 19.587000, 25.392000, 20.565000, 12.651000, 20.702000, 20.402000, 20.361000, 20.901000, 20.770000, 21.000000, 21.270000, -120.010000, -172.970000, 0.000001, 768.658000, 770.095000
2458927.179735, -37.57, 0.22, 20.100000, 23.800000, 18.800000, 16.700000, 0.400000, 20.481000, 19.775000, 20.572000, 18.479000, 19.560000, 24.723000, 20.564000, 12.650000, 20.702000, 20.513000, 20.359000, 20.896000, 20.760000, 21.040000, 21.340000, -119.990000, -172.920000, 0.000001, 768.571000, 770.097000
2458927.179925, -39.33, 0.22, 20.100000, 23.800000, 18.800000, 16.700000, 0.400000, 20.481000, 19.775000, 20.572000, 18.479000, 19.560000, 24.723000, 20.564000, 12.650000, 20.702000, 20.513000, 20.359000, 20.896000, 20.760000, 21.040000, 21.340000, -119.990000, -172.920000, 0.000001, 768.571000, 770.097000
2458927.180113, -40.53, 0.24, 20.100000, 23.800000, 18.800000, 16.700000, 0.400000, 20.481000, 19.775000, 20.572000, 18.479000, 19.560000, 24.723000, 20.564000, 12.650000, 20.702000, 20.513000, 20.359000, 20.896000, 20.760000, 21.040000, 21.340000, -119.990000, -172.920000, 0.000001, 768.571000, 770.097000
2458927.180303, -45.35, 0.27, 20.100000, 23.800000, 18.800000, 16.700000, 0.400000, 20.481000, 19.775000, 20.572000, 18.479000, 19.560000, 24.723000, 20.564000, 12.650000, 20.702000, 20.513000, 20.359000, 20.896000, 20.760000, 21.040000, 21.340000, -119.990000, -172.920000, 0.000001, 768.571000, 770.097000
2458927.180492, -46.81, 0.30, 20.100000, 23.800000, 18.700000, 16.700000, 0.400000, 20.481000, 19.750000, 20.572000, 18.453000, 19.560000, 24.910000, 20.565000, 12.841000, 20.702000, 20.482000, 20.358000, 20.895000, 20.760000, 20.990000, 21.270000, -120.000000, -172.940000, 0.000001, 768.611000, 770.093000
2458927.180682, -45.01, 0.26, 20.100000, 23.800000, 18.700000, 16.700000, 0.400000, 20.481000, 19.750000, 20.572000, 18.453000, 19.560000, 24.910000, 20.565000, 12.841000, 20.702000, 20.482000, 20.358000, 20.895000, 20.760000, 20.990000, 21.270000, -120.000000, -172.940000, 0.000001, 768.611000, 770.093000
2458927.180870, -46.72, 0.24, 20.100000, 23.800000, 18.700000, 16.700000, 0.400000, 20.481000, 19.750000, 20.572000, 18.453000, 19.560000, 24.910000, 20.565000, 12.841000, 20.702000, 20.482000, 20.358000, 20.895000, 20.760000, 20.990000, 21.270000, -120.000000, -172.940000, 0.000001, 768.611000, 770.093000
2458927.181060, -47.03, 0.24, 20.100000, 23.800000, 18.700000, 16.700000, 0.400000, 20.481000, 19.750000, 20.572000, 18.453000, 19.560000, 24.910000, 20.565000, 12.841000, 20.702000, 20.482000, 20.358000, 20.895000, 20.760000, 20.990000, 21.270000, -120.000000, -172.940000, 0.000001, 768.611000, 770.093000
2458927.181249, -50.55, 0.27, 20.200000, 23.800000, 18.700000, 16.700000, 0.400000, 20.482000, 19.733000, 20.572000, 18.464000, 19.515000, 26.921000, 20.566000, 12.714000, 20.703000, 20.606000, 20.362000, 20.902000, 20.730000, 21.000000, 21.260000, -119.960000, -172.960000, 0.000001, 768.628000, 770.097000
2458927.181439, -53.71, 0.30, 20.200000, 23.800000, 18.700000, 16.700000, 0.400000, 20.482000, 19.733000, 20.572000, 18.464000, 19.515000, 26.921000, 20.566000, 12.714000, 20.703000, 20.606000, 20.362000, 20.902000, 20.730000, 21.000000, 21.260000, -119.960000, -172.960000, 0.000001, 768.628000, 770.097000
2458927.181627, -59.04, 0.29, 20.200000, 23.800000, 18.700000, 16.700000, 0.400000, 20.482000, 19.733000, 20.572000, 18.464000, 19.515000, 26.921000, 20.566000, 12.714000, 20.703000, 20.606000, 20.362000, 20.902000, 20.730000, 21.000000, 21.260000, -119.960000, -172.960000, 0.000001, 768.628000, 770.097000
2458927.181817, -56.09, 0.31, 20.200000, 23.800000, 18.700000, 16.700000, 0.400000, 20.482000, 19.733000, 20.572000, 18.464000, 19.515000, 26.921000, 20.566000, 12.714000, 20.703000, 20.606000, 20.362000, 20.902000, 20.730000, 21.000000, 21.260000, -119.960000, -172.960000, 0.000001, 768.628000, 770.097000
2458927.182006, -61.41, 0.29, 20.100000, 23.800000, 18.900000, 16.500000, 0.400000, 20.482000, 19.655000, 20.572000, 18.293000, 19.544000, 25.095000, 20.566000, 12.623000, 20.703000, 20.552000, 20.365000, 20.907000, 20.760000, 20.990000, 21.320000, -119.990000, -172.920000, 0.000001, 768.640000, 770.097000
2458927.182196, -61.78, 0.26, 20.100000, 23.800000, 18.900000, 16.500000, 0.400000, 20.482000, 19.655000, 20.572000, 18.293000, 19.544000, 25.095000, 20.566000, 12.623000, 20.703000, 20.552000, 20.365000, 20.907000, 20.760000, 20.990000, 21.320000, -119.990000, -172.920000, 0.000001, 768.640000, 770.097000
2458927.182384, -68.99, 0.28, 20.100000, 23.800000, 18.900000, 16.500000, 0.400000, 20.482000, 19.655000, 20.572000, 18.293000, 19.544000, 25.095000, 20.566000, 12.623000, 20.703000, 20.552000, 20.365000, 20.907000, 20.760000, 20.990000, 21.320000, -119.990000, -172.920000, 0.000001, 768.640000, 770.097000
2458927.182574, -66.15, 0.32, 20.100000, 23.800000, 19.300000, 16.300000, 0.400000, 20.482000, 19.764000, 20.572000, 18.452000, 19.589000, 24.958000, 20.566000, 12.598000, 20.703000, 20.602000, 20.363000, 20.914000, 20.780000, 21.020000, 21.330000, -120.000000, -172.920000, 0.000001, 768.663000, 770.096000
2458927.182763, -67.34, 0.29, 20.100000, 23.800000, 19.300000, 16.300000, 0.400000, 20.482000, 19.764000, 20.572000, 18.452000, 19.589000, 24.958000, 20.566000, 12.598000, 20.703000, 20.602000, 20.363000, 20.914000, 20.780000, 21.020000, 21.330000, -120.000000, -172.920000, 0.000001, 768.663000, 770.096000
2458927.182953, -69.39, 0.31, 20.100000, 23.800000, 19.300000, 16.300000, 0.400000, 20.482000, 19.764000, 20.572000, 18.452000, 19.589000, 24.958000, 20.566000, 12.598000, 20.703000, 20.602000, 20.363000, 20.914000, 20.780000, 21.020000, 21.330000, -120.000000, -172.920000, 0.000001, 768.663000, 770.096000
2458927.183141, -68.45, 0.28, 20.100000, 23.800000, 19.300000, 16.300000, 0.400000, 20.482000, 19.764000, 20.572000, 18.452000, 19.589000, 24.958000, 20.566000, 12.598000, 20.703000, 20.602000, 20.363000, 20.914000, 20.780000, 21.020000, 21.330000, -120.000000, -172.920000, 0.000001, 768.663000, 770.096000
2458927.183331, -69.39, 0.34, 20.100000, 23.800000, 19.500000, 16.100000, 0.400000, 20.482000, 19.773000, 20.572000, 18.500000, 19.585000, 24.904000, 20.566000, 12.577000, 20.703000, 20.632000, 20.363000, 20.907000, 20.780000, 20.990000, 21.330000, -119.990000, -172.910000, 0.000001, 768.674000, 770.098000
2458927.183520, -65.52, 0.33, 20.100000, 23.800000, 19.500000, 16.100000, 0.400000, 20.482000, 19.773000, 20.572000, 18.500000, 19.585000, 24.904000, 20.566000, 12.577000, 20.703000, 20.632000, 20.363000, 20.907000, 20.780000, 20.990000, 21.330000, -119.990000, -172.910000, 0.000001, 768.674000, 770.098000
2458927.183709, -70.33, 0.33, 20.100000, 23.800000, 19.500000, 16.100000, 0.400000, 20.482000, 19.773000, 20.572000, 18.500000, 19.585000, 24.904000, 20.566000, 12.577000, 20.703000, 20.632000, 20.363000, 20.907000, 20.780000, 20.990000, 21.330000, -119.990000, -172.910000, 0.000001, 768.674000, 770.098000
2458927.183898, -74.94, 0.32, 20.100000, 23.800000, 19.500000, 16.100000, 0.400000, 20.482000, 19.773000, 20.572000, 18.500000, 19.585000, 24.904000, 20.566000, 12.577000, 20.703000, 20.632000, 20.363000, 20.907000, 20.780000, 20.990000, 21.330000, -119.990000, -172.910000, 0.000001, 768.674000, 770.098000
2458927.184088, -70.33, 0.32, 20.100000, 23.900000, 19.700000, 16.000000, 0.400000, 20.481000, 19.695000, 20.572000, 18.599000, 19.548000, 25.246000, 20.566000, 12.585000, 20.703000, 20.546000, 20.364000, 20.909000, 20.750000, 21.000000, 21.330000, -119.990000, -172.900000, 0.000001, 768.624000, 770.097000
2458927.184278, -68.17, 0.35, 20.100000, 23.900000, 19.700000, 16.000000, 0.400000, 20.481000, 19.695000, 20.572000, 18.599000, 19.548000, 25.246000, 20.566000, 12.585000, 20.703000, 20.546000, 20.364000, 20.909000, 20.750000, 21.000000, 21.330000, -119.990000, -172.900000, 0.000001, 768.624000, 770.097000
2458927.184466, -64.68, 0.28, 20.100000, 23.900000, 19.700000, 16.000000, 0.400000, 20.481000, 19.695000, 20.572000, 18.599000, 19.548000, 25.246000, 20.566000, 12.585000, 20.703000, 20.546000, 20.364000, 20.909000, 20.750000, 21.000000, 21.330000, -119.990000, -172.900000, 0.000001, 768.624000, 770.097000
2458927.184656, -65.50, 0.31, 20.100000, 23.900000, 19.700000, 15.900000, 0.400000, 20.481000, 19.662000, 20.573000, 18.628000, 19.620000, 24.898000, 20.566000, 12.690000, 20.703000, 20.519000, 20.365000, 20.911000, 20.710000, 21.030000, 21.300000, -119.990000, -172.970000, 0.000001, 768.610000, 770.097000
2458927.184845, -63.35, 0.35, 20.100000, 23.900000, 19.700000, 15.900000, 0.400000, 20.481000, 19.662000, 20.573000, 18.628000, 19.620000, 24.898000, 20.566000, 12.690000, 20.703000, 20.519000, 20.365000, 20.911000, 20.710000, 21.030000, 21.300000, -119.990000, -172.970000, 0.000001, 768.610000, 770.097000
2458927.185035, -66.14, 0.28, 20.100000, 23.900000, 19.700000, 15.900000, 0.400000, 20.481000, 19.662000, 20.573000, 18.628000, 19.620000, 24.898000, 20.566000, 12.690000, 20.703000, 20.519000, 20.365000, 20.911000, 20.710000, 21.030000, 21.300000, -119.990000, -172.970000, 0.000001, 768.610000, 770.097000
2458927.185225, -66.12, 0.27, 20.100000, 23.900000, 19.700000, 15.900000, 0.400000, 20.481000, 19.662000, 20.573000, 18.628000, 19.620000, 24.898000, 20.566000, 12.690000, 20.703000, 20.519000, 20.365000, 20.911000, 20.710000, 21.030000, 21.300000, -119.990000, -172.970000, 0.000001, 768.610000, 770.097000
2458927.185414, -72.05, 0.28, 20.100000, 23.900000, 19.800000, 15.800000, 0.400000, 20.481000, 19.623000, 20.573000, 18.700000, 19.545000, 25.673000, 20.566000, 12.680000, 20.703000, 20.608000, 20.364000, 20.907000, 20.660000, 21.000000, 21.270000, -120.000000, -172.890000, 0.000001, 768.626000, 770.098000
2458927.185604, -73.46, 0.32, 20.100000, 23.900000, 19.800000, 15.800000, 0.400000, 20.481000, 19.623000, 20.573000, 18.700000, 19.545000, 25.673000, 20.566000, 12.680000, 20.703000, 20.608000, 20.364000, 20.907000, 20.660000, 21.000000, 21.270000, -120.000000, -172.890000, 0.000001, 768.626000, 770.098000
2458927.185793, -73.11, 0.30, 20.100000, 23.900000, 19.800000, 15.800000, 0.400000, 20.481000, 19.623000, 20.573000, 18.700000, 19.545000, 25.673000, 20.566000, 12.680000, 20.703000, 20.608000, 20.364000, 20.907000, 20.660000, 21.000000, 21.270000, -120.000000, -172.890000, 0.000001, 768.626000, 770.098000
2458927.185983, -77.43, 0.35, 20.100000, 23.900000, 19.800000, 15.800000, 0.400000, 20.481000, 19.623000, 20.573000, 18.700000, 19.545000, 25.673000, 20.566000, 12.680000, 20.703000, 20.608000, 20.364000, 20.907000, 20.660000, 21.000000, 21.270000, -120.000000, -172.890000, 0.000001, 768.626000, 770.098000
2458927.186172, -71.70, 0.33, 20.100000, 23.900000, 19.900000, 15.800000, 0.400000, 20.481000, 19.700000, 20.573000, 18.698000, 19.548000, 25.616000, 20.566000, 12.731000, 20.703000, 20.429000, 20.362000, 20.911000, 20.660000, 20.990000, 21.330000, -120.000000, -172.950000, 0.000001, 768.581000, 770.096000
2458927.186362, -73.56, 0.33, 20.100000, 23.900000, 19.900000, 15.800000, 0.400000, 20.481000, 19.700000, 20.573000, 18.698000, 19.548000, 25.616000, 20.566000, 12.731000, 20.703000, 20.429000, 20.362000, 20.911000, 20.660000, 20.990000, 21.330000, -120.000000, -172.950000, 0.000001, 768.581000, 770.096000
2458927.186550, -80.36, 0.36, 20.100000, 23.900000, 19.900000, 15.800000, 0.400000, 20.481000, 19.700000, 20.573000, 18.698000, 19.548000, 25.616000, 20.566000, 12.731000, 20.703000, 20.429000, 20.362000, 20.911000, 20.660000, 20.990000, 21.330000, -120.000000, -172.950000, 0.000001, 768.581000, 770.096000
2458927.186740, -80.44, 0.32, 20.100000, 23.800000, 19.900000, 15.700000, 0.400000, 20.481000, 19.706000, 20.573000, 18.884000, 19.506000, 25.666000, 20.567000, 12.660000, 20.703000, 20.469000, 20.364000, 20.909000, 20.710000, 21.040000, 21.220000, -119.990000, -173.040000, 0.000001, 768.672000, 770.098000
2458927.186929, -84.93, 0.35, 20.100000, 23.800000, 19.900000, 15.700000, 0.400000, 20.481000, 19.706000, 20.573000, 18.884000, 19.506000, 25.666000, 20.567000, 12.660000, 20.703000, 20.469000, 20.364000, 20.909000, 20.710000, 21.040000, 21.220000, -119.990000, -173.040000, 0.000001, 768.672000, 770.098000
2458927.187118, -84.32, 0.40, 20.100000, 23.800000, 19.900000, 15.700000, 0.400000, 20.481000, 19.706000, 20.573000, 18.884000, 19.506000, 25.666000, 20.567000, 12.660000, 20.703000, 20.469000, 20.364000, 20.909000, 20.710000, 21.040000, 21.220000, -119.990000, -173.040000, 0.000001, 768.672000, 770.098000
2458927.187308, -82.90, 0.39, 20.100000, 23.800000, 19.900000, 15.700000, 0.400000, 20.481000, 19.706000, 20.573000, 18.884000, 19.506000, 25.666000, 20.567000, 12.660000, 20.703000, 20.469000, 20.364000, 20.909000, 20.710000, 21.040000, 21.220000, -119.990000, -173.040000, 0.000001, 768.672000, 770.098000
2458927.187498, -89.97, 0.33, 20.100000, 23.800000, 19.300000, 16.100000, 0.400000, 20.482000, 19.710000, 20.572000, 18.545000, 19.556000, 24.753000, 20.568000, 12.511000, 20.703000, 20.452000, 20.362000, 20.908000, 20.720000, 21.030000, 21.280000, -120.010000, -172.940000, 0.000001, 768.728000, 770.099000
2458927.187686, -85.43, 0.37, 20.100000, 23.800000, 19.300000, 16.100000, 0.400000, 20.482000, 19.710000, 20.572000, 18.545000, 19.556000, 24.753000, 20.568000, 12.511000, 20.703000, 20.452000, 20.362000, 20.908000, 20.720000, 21.030000, 21.280000, -120.010000, -172.940000, 0.000001, 768.728000, 770.099000
2458927.187875, -86.01, 0.41, 20.100000, 23.800000, 19.300000, 16.100000, 0.400000, 20.482000, 19.710000, 20.572000, 18.545000, 19.556000, 24.753000, 20.568000, 12.511000, 20.703000, 20.452000, 20.362000, 20.908000, 20.720000, 21.030000, 21.280000, -120.010000, -172.940000, 0.000001, 768.728000, 770.099000
2458927.188065, -86.49, 0.36, 20.100000, 23.800000, 19.300000, 16.100000, 0.400000, 20.482000, 19.710000, 20.572000, 18.545000, 19.556000, 24.753000, 20.568000, 12.511000, 20.703000, 20.452000, 20.362000, 20.908000, 20.720000, 21.030000, 21.280000, -120.010000, -172.940000, 0.000001, 768.728000, 770.099000
2458927.188253, -87.54, 0.36, 20.100000, 23.800000, 18.800000, 16.300000, 0.400000, 20.482000, 19.718000, 20.573000, 18.320000, 19.542000, 25.944000, 20.567000, 12.542000, 20.703000, 20.471000, 20.365000, 20.917000, 20.710000, 21.010000, 21.280000, -120.010000, -172.880000, 0.000001, 768.665000, 770.098000
2458927.188443, -91.46, 0.41, 20.100000, 23.800000, 18.800000, 16.300000, 0.400000, 20.482000, 19.718000, 20.573000, 18.320000, 19.542000, 25.944000, 20.567000, 12.542000, 20.703000, 20.471000, 20.365000, 20.917000, 20.710000, 21.010000, 21.280000, -120.010000, -172.880000, 0.000001, 768.665000, 770.098000
2458927.188632, -89.04, 0.32, 20.100000, 23.800000, 18.800000, 16.300000, 0.400000, 20.482000, 19.718000, 20.573000, 18.320000, 19.542000, 25.944000, 20.567000, 12.542000, 20.703000, 20.471000, 20.365000, 20.917000, 20.710000, 21.010000, 21.280000, -120.010000, -172.880000, 0.000001, 768.665000, 770.098000
2458927.188822, -90.90, 0.40, 20.100000, 23.800000, 18.400000, 16.900000, 0.400000, 20.482000, 19.724000, 20.573000, 18.145000, 19.548000, 26.125000, 20.567000, 12.643000, 20.703000, 20.514000, 20.365000, 20.907000, 20.760000, 20.990000, 21.370000, -120.000000, -172.900000, 0.000001, 768.707000, 770.097000
2458927.189010, -97.47, 0.41, 20.100000, 23.800000, 18.400000, 16.900000, 0.400000, 20.482000, 19.724000, 20.573000, 18.145000, 19.548000, 26.125000, 20.567000, 12.643000, 20.703000, 20.514000, 20.365000, 20.907000, 20.760000, 20.990000, 21.370000, -120.000000, -172.900000, 0.000001, 768.707000, 770.097000
2458927.189200, -94.18, 0.39, 20.100000, 23.800000, 18.400000, 16.900000, 0.400000, 20.482000, 19.724000, 20.573000, 18.145000, 19.548000, 26.125000, 20.567000, 12.643000, 20.703000, 20.514000, 20.365000, 20.907000, 20.760000, 20.990000, 21.370000, -120.000000, -172.900000, 0.000001, 768.707000, 770.097000
2458927.189389, -94.67, 0.28, 20.100000, 23.800000, 18.400000, 16.900000, 0.400000, 20.482000, 19.724000, 20.573000, 18.145000, 19.548000, 26.125000, 20.567000, 12.643000, 20.703000, 20.514000, 20.365000, 20.907000, 20.760000, 20.990000, 21.370000, -120.000000, -172.900000, 0.000001, 768.707000, 770.097000
2458927.189579, -99.26, 0.41, 20.100000, 23.800000, 18.300000, 17.100000, 0.400000, 20.482000, 19.745000, 20.572000, 18.251000, 19.535000, 25.812000, 20.567000, 12.775000, 20.704000, 20.559000, 20.364000, 20.909000, 20.760000, 20.960000, 21.320000, -119.990000, -172.850000, 0.000001, 768.655000, 770.097000
2458927.189769, -100.15, 0.35, 20.100000, 23.800000, 18.300000, 17.100000, 0.400000, 20.482000, 19.745000, 20.572000, 18.251000, 19.535000, 25.812000, 20.567000, 12.775000, 20.704000, 20.559000, 20.364000, 20.909000, 20.760000, 20.960000, 21.320000, -119.990000, -172.850000, 0.000001, 768.655000, 770.097000
2458927.189957, -100.19, 0.35, 20.100000, 23.800000, 18.300000, 17.100000, 0.400000, 20.482000, 19.745000, 20.572000, 18.251000, 19.535000, 25.812000, 20.567000, 12.775000, 20.704000, 20.559000, 20.364000, 20.909000, 20.760000, 20.960000, 21.320000, -119.990000, -172.850000, 0.000001, 768.655000, 770.097000
2458927.190147, -96.83, 0.35, 20.100000, 23.800000, 18.300000, 17.100000, 0.400000, 20.482000, 19.745000, 20.572000, 18.251000, 19.535000, 25.812000, 20.567000, 12.775000, 20.704000, 20.559000, 20.364000, 20.909000, 20.760000, 20.960000, 21.320000, -119.990000, -172.850000, 0.000001, 768.655000, 770.097000
2458927.190337, -97.37, 0.40, 20.100000, 23.800000, 18.600000, 16.900000, 0.400000, 20.481000, 19.563000, 20.573000, 18.446000, 19.570000, 25.152000, 20.567000, 12.674000, 20.704000, 20.621000, 20.365000, 20.918000, 20.650000, 21.030000, 21.330000, -119.990000, -172.840000, 0.000001, 768.711000, 770.097000
2458927.190529, -101.22, 0.36, 20.100000, 23.800000, 18.600000, 16.900000, 0.400000, 20.481000, 19.563000, 20.573000, 18.446000, 19.570000, 25.152000, 20.567000, 12.674000, 20.704000, 20.621000, 20.365000, 20.918000, 20.650000, 21.030000, 21.330000, -119.990000, -172.840000, 0.000001, 768.711000, 770.097000
2458927.190721, -99.09, 0.41, 20.100000, 23.800000, 18.600000, 16.900000, 0.400000, 20.481000, 19.563000, 20.573000, 18.446000, 19.570000, 25.152000, 20.567000, 12.674000, 20.704000, 20.621000, 20.365000, 20.918000, 20.650000, 21.030000, 21.330000, -119.990000, -172.840000, 0.000001, 768.711000, 770.097000
2458927.190911, -101.77, 0.37, 20.100000, 23.800000, 19.400000, 16.300000, 0.400000, 20.481000, 19.666000, 20.573000, 18.463000, 19.584000, 24.626000, 20.567000, 12.600000, 20.704000, 20.500000, 20.364000, 20.911000, 20.650000, 21.060000, 21.340000, -119.980000, -172.900000, 0.000001, 768.692000, 770.098000
2458927.191101, -99.97, 0.41, 20.100000, 23.800000, 19.400000, 16.300000, 0.400000, 20.481000, 19.666000, 20.573000, 18.463000, 19.584000, 24.626000, 20.567000, 12.600000, 20.704000, 20.500000, 20.364000, 20.911000, 20.650000, 21.060000, 21.340000, -119.980000, -172.900000, 0.000001, 768.692000, 770.098000
2458927.191291, -100.86, 0.43, 20.100000, 23.800000, 19.400000, 16.300000, 0.400000, 20.481000, 19.666000, 20.573000, 18.463000, 19.584000, 24.626000, 20.567000, 12.600000, 20.704000, 20.500000, 20.364000, 20.911000, 20.650000, 21.060000, 21.340000, -119.980000, -172.900000, 0.000001, 768.692000, 770.098000
2458927.191480, -104.32, 0.43, 20.100000, 23.800000, 19.400000, 16.300000, 0.400000, 20.481000, 19.666000, 20.573000, 18.463000, 19.584000, 24.626000, 20.567000, 12.600000, 20.704000, 20.500000, 20.364000, 20.911000, 20.650000, 21.060000, 21.340000, -119.980000, -172.900000, 0.000001, 768.692000, 770.098000
2458927.191669, -101.91, 0.38, 20.100000, 23.800000, 19.800000, 15.800000, 0.400000, 20.481000, 19.718000, 20.573000, 18.654000, 19.548000, 24.654000, 20.568000, 12.777000, 20.704000, 20.621000, 20.377000, 20.917000, 20.700000, 21.010000, 21.350000, -120.000000, -172.880000, 0.000001, 768.608000, 770.099000
2458927.191860, -99.84, 0.34, 20.100000, 23.800000, 19.800000, 15.800000, 0.400000, 20.481000, 19.718000, 20.573000, 18.654000, 19.548000, 24.654000, 20.568000, 12.777000, 20.704000, 20.621000, 20.377000, 20.917000, 20.700000, 21.010000, 21.350000, -120.000000, -172.880000, 0.000001, 768.608000, 770.099000
2458927.192050, -106.48, 0.36, 20.100000, 23.800000, 19.800000, 15.800000, 0.400000, 20.481000, 19.718000, 20.573000, 18.654000, 19.548000, 24.654000, 20.568000, 12.777000, 20.704000, 20.621000, 20.377000, 20.917000, 20.700000, 21.010000, 21.350000, -120.000000, -172.880000, 0.000001, 768.608000, 770.099000
2458927.192240, -103.56, 0.35, 20.100000, 23.800000, 19.800000, 15.800000, 0.400000, 20.481000, 19.718000, 20.573000, 18.654000, 19.548000, 24.654000, 20.568000, 12.777000, 20.704000, 20.621000, 20.377000, 20.917000, 20.700000, 21.010000, 21.350000, -120.000000, -172.880000, 0.000001, 768.608000, 770.099000
2458927.192428, -106.46, 0.44, 20.100000, 23.800000, 20.000000, 15.700000, 0.400000, 20.482000, 19.703000, 20.573000, 18.664000, 19.524000, 25.639000, 20.568000, 12.702000, 20.704000, 20.489000, 20.372000, 20.927000, 20.770000, 21.010000, 21.330000, -120.000000, -172.830000, 0.000001, 768.730000, 770.099000
2458927.192618, -107.23, 0.45, 20.100000, 23.800000, 20.000000, 15.700000, 0.400000, 20.482000, 19.703000, 20.573000, 18.664000, 19.524000, 25.639000, 20.568000, 12.702000, 20.704000, 20.489000, 20.372000, 20.927000, 20.770000, 21.010000, 21.330000, -120.000000, -172.830000, 0.000001, 768.730000, 770.099000
2458927.192807, -105.08, 0.48, 20.100000, 23.800000, 20.000000, 15.700000, 0.400000, 20.482000, 19.703000, 20.573000, 18.664000, 19.524000, 25.639000, 20.568000, 12.702000, 20.704000, 20.489000, 20.372000, 20.927000, 20.770000, 21.010000, 21.330000, -120.000000, -172.830000, 0.000001, 768.730000, 770.099000
2458927.192997, -108.45, 0.38, 20.100000, 23.900000, 20.100000, 15.600000, 0.400000, 20.481000, 19.695000, 20.573000, 18.777000, 19.568000, 24.657000, 20.567000, 12.546000, 20.704000, 20.500000, 20.368000, 20.931000, 20.740000, 20.970000, 21.310000, -120.000000, -172.830000, 0.000001, 768.775000, 770.098000
2458927.193185, -104.64, 0.39, 20.100000, 23.900000, 20.100000, 15.600000, 0.400000, 20.481000, 19.695000, 20.573000, 18.777000, 19.568000, 24.657000, 20.567000, 12.546000, 20.704000, 20.500000, 20.368000, 20.931000, 20.740000, 20.970000, 21.310000, -120.000000, -172.830000, 0.000001, 768.775000, 770.098000
2458927.193375, -103.33, 0.37, 20.100000, 23.900000, 20.100000, 15.600000, 0.400000, 20.481000, 19.695000, 20.573000, 18.777000, 19.568000, 24.657000, 20.567000, 12.546000, 20.704000, 20.500000, 20.368000, 20.931000, 20.740000, 20.970000, 21.310000, -120.000000, -172.830000, 0.000001, 768.775000, 770.098000
2458927.193564, -103.79, 0.41, 20.100000, 23.900000, 20.100000, 15.600000, 0.400000, 20.481000, 19.695000, 20.573000, 18.777000, 19.568000, 24.657000, 20.567000, 12.546000, 20.704000, 20.500000, 20.368000, 20.931000, 20.740000, 20.970000, 21.310000, -120.000000, -172.830000, 0.000001, 768.775000, 770.098000
2458927.194509, -107.38, 0.40, 20.100000, 23.900000, 19.800000, 15.800000, 0.400000, 20.481000, 19.588000, 20.573000, 18.683000, 19.601000, 25.420000, 20.567000, 12.650000, 20.704000, 20.464000, 20.372000, 20.916000, 20.690000, 20.990000, 21.340000, -120.010000, -172.850000, 0.000001, 768.738000, 770.101000
2458927.194699, -115.45, 0.43, 20.100000, 23.900000, 19.800000, 15.800000, 0.400000, 20.481000, 19.588000, 20.573000, 18.683000, 19.601000, 25.420000, 20.567000, 12.650000, 20.704000, 20.464000, 20.372000, 20.916000, 20.690000, 20.990000, 21.340000, -120.010000, -172.850000, 0.000001, 768.738000, 770.101000
2458927.194889, -111.05, 0.45, 20.100000, 23.900000, 19.800000, 15.800000, 0.400000, 20.481000, 19.588000, 20.573000, 18.683000, 19.601000, 25.420000, 20.567000, 12.650000, 20.704000, 20.464000, 20.372000, 20.916000, 20.690000, 20.990000, 21.340000, -120.010000, -172.850000, 0.000001, 768.738000, 770.101000
2458927.195078, -111.53, 0.43, 20.100000, 23.900000, 19.400000, 16.200000, 0.400000, 20.481000, 19.632000, 20.573000, 18.589000, 19.549000, 25.510000, 20.566000, 12.700000, 20.704000, 20.439000, 20.366000, 20.924000, 20.670000, 21.010000, 21.280000, -120.000000, -172.870000, 0.000001, 768.690000, 770.100000
2458927.195267, -115.84, 0.40, 20.100000, 23.900000, 19.400000, 16.200000, 0.400000, 20.481000, 19.632000, 20.573000, 18.589000, 19.549000, 25.510000, 20.566000, 12.700000, 20.704000, 20.439000, 20.366000, 20.924000, 20.670000, 21.010000, 21.280000, -120.000000, -172.870000, 0.000001, 768.690000, 770.100000
2458927.195456, -117.42, 0.41, 20.100000, 23.900000, 19.400000, 16.200000, 0.400000, 20.481000, 19.632000, 20.573000, 18.589000, 19.549000, 25.510000, 20.566000, 12.700000, 20.704000, 20.439000, 20.366000, 20.924000, 20.670000, 21.010000, 21.280000, -120.000000, -172.870000, 0.000001, 768.690000, 770.100000
2458927.195646, -117.24, 0.41, 20.100000, 23.900000, 19.400000, 16.200000, 0.400000, 20.481000, 19.632000, 20.573000, 18.589000, 19.549000, 25.510000, 20.566000, 12.700000, 20.704000, 20.439000, 20.366000, 20.924000, 20.670000, 21.010000, 21.280000, -120.000000, -172.870000, 0.000001, 768.690000, 770.100000
2458927.195834, -116.86, 0.49, 20.100000, 23.900000, 19.100000, 16.500000, 0.400000, 20.480000, 19.680000, 20.573000, 18.449000, 19.553000, 25.469000, 20.566000, 12.571000, 20.704000, 20.458000, 20.365000, 20.913000, 20.750000, 21.010000, 21.270000, -120.010000, -172.910000, 0.000001, 768.625000, 770.099000
2458927.196024, -114.64, 0.43, 20.100000, 23.900000, 19.100000, 16.500000, 0.400000, 20.480000, 19.680000, 20.573000, 18.449000, 19.553000, 25.469000, 20.566000, 12.571000, 20.704000, 20.458000, 20.365000, 20.913000, 20.750000, 21.010000, 21.270000, -120.010000, -172.910000, 0.000001, 768.625000, 770.099000
2458927.196213, -116.69, 0.41, 20.100000, 23.900000, 19.100000, 16.500000, 0.400000, 20.480000, 19.680000, 20.573000, 18.449000, 19.553000, 25.469000, 20.566000, 12.571000, 20.704000, 20.458000, 20.365000, 20.913000, 20.750000, 21.010000, 21.270000, -120.010000, -172.910000, 0.000001, 768.625000, 770.099000
2458927.196403, -118.40, 0.41, 20.100000, 23.900000, 19.100000, 16.500000, 0.400000, 20.480000, 19.680000, 20.573000, 18.449000, 19.553000, 25.469000, 20.566000, 12.571000, 20.704000, 20.458000, 20.365000, 20.913000, 20.750000, 21.010000, 21.270000, -120.010000, -172.910000, 0.000001, 768.625000, 770.099000
2458927.196593, -116.89, 0.46, 20.100000, 23.900000, 18.900000, 16.600000, 0.400000, 20.481000, 19.606000, 20.573000, 18.432000, 19.579000, 25.108000, 20.566000, 12.536000, 20.705000, 20.458000, 20.367000, 20.913000, 20.660000, 21.020000, 21.300000, -120.000000, -172.940000, 0.000001, 768.625000, 770.100000
2458927.196781, -116.60, 0.35, 20.100000, 23.900000, 18.900000, 16.600000, 0.400000, 20.481000, 19.606000, 20.573000, 18.432000, 19.579000, 25.108000, 20.566000, 12.536000, 20.705000, 20.458000, 20.367000, 20.913000, 20.660000, 21.020000, 21.300000, -120.000000, -172.940000, 0.000001, 768.625000, 770.100000
2458927.196970, -122.36, 0.50, 20.100000, 23.900000, 18.900000, 16.600000, 0.400000, 20.481000, 19.606000, 20.573000, 18.432000, 19.579000, 25.108000, 20.566000, 12.536000, 20.705000, 20.458000, 20.367000, 20.913000, 20.660000, 21.020000, 21.300000, -120.000000, -172.940000, 0.000001, 768.625000, 770.100000
2458927.197160, -116.97, 0.43, 20.100000, 23.900000, 18.800000, 16.800000, 0.400000, 20.481000, 19.620000, 20.574000, 18.391000, 19.575000, 25.123000, 20.567000, 12.571000, 20.704000, 20.470000, 20.366000, 20.904000, 20.650000, 20.990000, 21.280000, -119.990000, -172.970000, 0.000001, 768.681000, 770.100000
2458927.197348, -116.70, 0.45, 20.100000, 23.900000, 18.800000, 16.800000, 0.400000, 20.481000, 19.620000, 20.574000, 18.391000, 19.575000, 25.123000, 20.567000, 12.571000, 20.704000, 20.470000, 20.366000, 20.904000, 20.650000, 20.990000, 21.280000, -119.990000, -172.970000, 0.000001, 768.681000, 770.100000
2458927.197538, -116.03, 0.41, 20.100000, 23.900000, 18.800000, 16.800000, 0.400000, 20.481000, 19.620000, 20.574000, 18.391000, 19.575000, 25.123000, 20.567000, 12.571000, 20.704000, 20.470000, 20.366000, 20.904000, 20.650000, 20.990000, 21.280000, -119.990000, -172.970000, 0.000001, 768.681000, 770.100000
2458927.197727, -120.72, 0.41, 20.100000, 23.900000, 18.800000, 16.800000, 0.400000, 20.481000, 19.620000, 20.574000, 18.391000, 19.575000, 25.123000, 20.567000, 12.571000, 20.704000, 20.470000, 20.366000, 20.904000, 20.650000, 20.990000, 21.280000, -119.990000, -172.970000, 0.000001, 768.681000, 770.100000
2458927.197917, -122.46, 0.52, 20.100000, 23.800000, 18.700000, 16.800000, 0.400000, 20.481000, 19.646000, 20.574000, 18.332000, 19.528000, 25.336000, 20.566000, 12.773000, 20.705000, 20.353000, 20.369000, 20.913000, 20.680000, 21.040000, 21.310000, -120.000000, -172.950000, 0.000001, 768.680000, 770.099000
2458927.198105, -123.27, 0.44, 20.100000, 23.800000, 18.700000, 16.800000, 0.400000, 20.481000, 19.646000, 20.574000, 18.332000, 19.528000, 25.336000, 20.566000, 12.773000, 20.705000, 20.353000, 20.369000, 20.913000, 20.680000, 21.040000, 21.310000, -120.000000, -172.950000, 0.000001, 768.680000, 770.099000
2458927.198295, -123.54, 0.48, 20.100000, 23.800000, 18.700000, 16.800000, 0.400000, 20.481000, 19.646000, 20.574000, 18.332000, 19.528000, 25.336000, 20.566000, 12.773000, 20.705000, 20.353000, 20.369000, 20.913000, 20.680000, 21.040000, 21.310000, -120.000000, -172.950000, 0.000001, 768.680000, 770.099000
2458927.198484, -119.54, 0.50, 20.100000, 23.800000, 18.700000, 16.800000, 0.400000, 20.481000, 19.646000, 20.574000, 18.332000, 19.528000, 25.336000, 20.566000, 12.773000, 20.705000, 20.353000, 20.369000, 20.913000, 20.680000, 21.040000, 21.310000, -120.000000, -172.950000, 0.000001, 768.680000, 770.099000
2458927.198674, -121.30, 0.45, 20.100000, 23.800000, 18.700000, 16.700000, 0.400000, 20.480000, 19.639000, 20.573000, 18.339000, 19.543000, 25.376000, 20.566000, 12.687000, 20.705000, 20.514000, 20.370000, 20.910000, 20.700000, 20.990000, 21.300000, -120.000000, -172.940000, 0.000001, 768.681000, 770.099000
2458927.198863, -123.51, 0.42, 20.100000, 23.800000, 18.700000, 16.700000, 0.400000, 20.480000, 19.639000, 20.573000, 18.339000, 19.543000, 25.376000, 20.566000, 12.687000, 20.705000, 20.514000, 20.370000, 20.910000, 20.700000, 20.990000, 21.300000, -120.000000, -172.940000, 0.000001, 768.681000, 770.099000
2458927.199052, -126.04, 0.45, 20.100000, 23.800000, 18.700000, 16.700000, 0.400000, 20.480000, 19.639000, 20.573000, 18.339000, 19.543000, 25.376000, 20.566000, 12.687000, 20.705000, 20.514000, 20.370000, 20.910000, 20.700000, 20.990000, 21.300000, -120.000000, -172.940000, 0.000001, 768.681000, 770.099000
2458927.199241, -131.07, 0.49, 20.100000, 23.800000, 19.000000, 16.500000, 0.400000, 20.481000, 19.724000, 20.574000, 18.257000, 19.519000, 25.043000, 20.567000, 12.616000, 20.705000, 20.620000, 20.371000, 20.910000, 20.730000, 21.010000, 21.330000, -120.000000, -173.070000, 0.000001, 768.711000, 770.099000
2458927.199429, -130.64, 0.45, 20.100000, 23.800000, 19.000000, 16.500000, 0.400000, 20.481000, 19.724000, 20.574000, 18.257000, 19.519000, 25.043000, 20.567000, 12.616000, 20.705000, 20.620000, 20.371000, 20.910000, 20.730000, 21.010000, 21.330000, -120.000000, -173.070000, 0.000001, 768.711000, 770.099000
2458927.199618, -133.26, 0.46, 20.100000, 23.800000, 19.000000, 16.500000, 0.400000, 20.481000, 19.724000, 20.574000, 18.257000, 19.519000, 25.043000, 20.567000, 12.616000, 20.705000, 20.620000, 20.371000, 20.910000, 20.730000, 21.010000, 21.330000, -120.000000, -173.070000, 0.000001, 768.711000, 770.099000
2458927.199808, -131.05, 0.45, 20.100000, 23.800000, 19.000000, 16.500000, 0.400000, 20.481000, 19.724000, 20.574000, 18.257000, 19.519000, 25.043000, 20.567000, 12.616000, 20.705000, 20.620000, 20.371000, 20.910000, 20.730000, 21.010000, 21.330000, -120.000000, -173.070000, 0.000001, 768.711000, 770.099000
2458927.199998, -123.67, 0.38, 20.100000, 23.800000, 19.300000, 16.300000, 0.400000, 20.480000, 19.572000, 20.573000, 18.450000, 19.572000, 24.583000, 20.566000, 12.517000, 20.705000, 20.524000, 20.368000, 20.917000, 20.670000, 21.010000, 21.350000, -119.990000, -172.890000, 0.000001, 768.658000, 770.099000
2458927.200188, -127.50, 0.44, 20.100000, 23.800000, 19.300000, 16.300000, 0.400000, 20.480000, 19.572000, 20.573000, 18.450000, 19.572000, 24.583000, 20.566000, 12.517000, 20.705000, 20.524000, 20.368000, 20.917000, 20.670000, 21.010000, 21.350000, -119.990000, -172.890000, 0.000001, 768.658000, 770.099000
2458927.200377, -125.93, 0.45, 20.100000, 23.800000, 19.300000, 16.300000, 0.400000, 20.480000, 19.572000, 20.573000, 18.450000, 19.572000, 24.583000, 20.566000, 12.517000, 20.705000, 20.524000, 20.368000, 20.917000, 20.670000, 21.010000, 21.350000, -119.990000, -172.890000, 0.000001, 768.658000, 770.099000
2458927.200566, -125.97, 0.46, 20.100000, 23.800000, 19.300000, 16.300000, 0.400000, 20.480000, 19.572000, 20.573000, 18.450000, 19.572000, 24.583000, 20.566000, 12.517000, 20.705000, 20.524000, 20.368000, 20.917000, 20.670000, 21.010000, 21.350000, -119.990000, -172.890000, 0.000001, 768.658000, 770.099000
2458927.200756, -125.15, 0.47, 20.100000, 23.800000, 19.600000, 16.000000, 0.400000, 20.479000, 19.633000, 20.574000, 18.647000, 19.582000, 24.472000, 20.566000, 12.446000, 20.705000, 20.506000, 20.366000, 20.909000, 20.630000, 20.960000, 21.320000, -119.990000, -172.910000, 0.000001, 768.615000, 770.099000
2458927.200946, -123.77, 0.44, 20.100000, 23.800000, 19.600000, 16.000000, 0.400000, 20.479000, 19.633000, 20.574000, 18.647000, 19.582000, 24.472000, 20.566000, 12.446000, 20.705000, 20.506000, 20.366000, 20.909000, 20.630000, 20.960000, 21.320000, -119.990000, -172.910000, 0.000001, 768.615000, 770.099000
2458927.201134, -123.55, 0.41, 20.100000, 23.800000, 19.600000, 16.000000, 0.400000, 20.479000, 19.633000, 20.574000, 18.647000, 19.582000, 24.472000, 20.566000, 12.446000, 20.705000, 20.506000, 20.366000, 20.909000, 20.630000, 20.960000, 21.320000, -119.990000, -172.910000, 0.000001, 768.615000, 770.099000
2458927.201323, -128.04, 0.48, 20.100000, 23.800000, 19.800000, 15.900000, 0.400000, 20.480000, 19.621000, 20.574000, 18.624000, 19.573000, 24.188000, 20.566000, 12.400000, 20.705000, 20.504000, 20.368000, 20.911000, 20.670000, 21.010000, 21.330000, -119.990000, -172.880000, 0.000001, 768.606000, 770.101000
2458927.201512, -123.69, 0.36, 20.100000, 23.800000, 19.800000, 15.900000, 0.400000, 20.480000, 19.621000, 20.574000, 18.624000, 19.573000, 24.188000, 20.566000, 12.400000, 20.705000, 20.504000, 20.368000, 20.911000, 20.670000, 21.010000, 21.330000, -119.990000, -172.880000, 0.000001, 768.606000, 770.101000
2458927.201700, -127.96, 0.51, 20.100000, 23.800000, 19.800000, 15.900000, 0.400000, 20.480000, 19.621000, 20.574000, 18.624000, 19.573000, 24.188000, 20.566000, 12.400000, 20.705000, 20.504000, 20.368000, 20.911000, 20.670000, 21.010000, 21.330000, -119.990000, -172.880000, 0.000001, 768.606000, 770.101000
2458927.201890, -126.62, 0.39, 20.100000, 23.800000, 19.800000, 15.900000, 0.400000, 20.480000, 19.621000, 20.574000, 18.624000, 19.573000, 24.188000, 20.566000, 12.400000, 20.705000, 20.504000, 20.368000, 20.911000, 20.670000, 21.010000, 21.330000, -119.990000, -172.880000, 0.000001, 768.606000, 770.101000
2458927.202080, -130.48, 0.43, 20.100000, 23.900000, 19.900000, 15.800000, 0.400000, 20.480000, 19.551000, 20.574000, 18.705000, 19.553000, 25.264000, 20.567000, 12.410000, 20.705000, 20.503000, 20.373000, 20.915000, 20.610000, 21.000000, 21.340000, -120.010000, -172.890000, 0.000001, 768.625000, 770.100000
2458927.202270, -131.54, 0.44, 20.100000, 23.900000, 19.900000, 15.800000, 0.400000, 20.480000, 19.551000, 20.574000, 18.705000, 19.553000, 25.264000, 20.567000, 12.410000, 20.705000, 20.503000, 20.373000, 20.915000, 20.610000, 21.000000, 21.340000, -120.010000, -172.890000, 0.000001, 768.625000, 770.100000
2458927.202458, -129.06, 0.42, 20.100000, 23.900000, 19.900000, 15.800000, 0.400000, 20.480000, 19.551000, 20.574000, 18.705000, 19.553000, 25.264000, 20.567000, 12.410000, 20.705000, 20.503000, 20.373000, 20.915000, 20.610000, 21.000000, 21.340000, -120.010000, -172.890000, 0.000001, 768.625000, 770.100000
2458927.202647, -131.96, 0.48, 20.100000, 23.900000, 19.900000, 15.800000, 0.400000, 20.480000, 19.551000, 20.574000, 18.705000, 19.553000, 25.264000, 20.567000, 12.410000, 20.705000, 20.503000, 20.373000, 20.915000, 20.610000, 21.000000, 21.340000, -120.010000, -172.890000, 0.000001, 768.625000, 770.100000
2458927.202836, -135.81, 0.47, 20.100000, 23.900000, 19.900000, 15.800000, 0.400000, 20.480000, 19.637000, 20.574000, 18.787000, 19.532000, 26.120000, 20.567000, 12.437000, 20.706000, 20.599000, 20.369000, 20.921000, 20.680000, 21.000000, 21.370000, -119.990000, -172.930000, 0.000001, 768.605000, 770.100000
2458927.203025, -139.84, 0.41, 20.100000, 23.900000, 19.900000, 15.800000, 0.400000, 20.480000, 19.637000, 20.574000, 18.787000, 19.532000, 26.120000, 20.567000, 12.437000, 20.706000, 20.599000, 20.369000, 20.921000, 20.680000, 21.000000, 21.370000, -119.990000, -172.930000, 0.000001, 768.605000, 770.100000
2458927.203215, -137.60, 0.48, 20.100000, 23.900000, 19.900000, 15.800000, 0.400000, 20.480000, 19.637000, 20.574000, 18.787000, 19.532000, 26.120000, 20.567000, 12.437000, 20.706000, 20.599000, 20.369000, 20.921000, 20.680000, 21.000000, 21.370000, -119.990000, -172.930000, 0.000001, 768.605000, 770.100000
2458927.203404, -141.27, 0.45, 20.100000, 23.900000, 19.800000, 16.000000, 0.400000, 20.480000, 19.628000, 20.574000, 18.814000, 19.564000, 25.035000, 20.567000, 12.508000, 20.706000, 20.510000, 20.372000, 20.927000, 20.670000, 21.040000, 21.340000, -120.000000, -172.950000, 0.000001, 768.570000, 770.099000
2458927.203594, -138.01, 0.48, 20.100000, 23.900000, 19.800000, 16.000000, 0.400000, 20.480000, 19.628000, 20.574000, 18.814000, 19.564000, 25.035000, 20.567000, 12.508000, 20.706000, 20.510000, 20.372000, 20.927000, 20.670000, 21.040000, 21.340000, -120.000000, -172.950000, 0.000001, 768.570000, 770.099000
2458927.203784, -139.36, 0.46, 20.100000, 23.900000, 19.800000, 16.000000, 0.400000, 20.480000, 19.628000, 20.574000, 18.814000, 19.564000, 25.035000, 20.567000, 12.508000, 20.706000, 20.510000, 20.372000, 20.927000, 20.670000, 21.040000, 21.340000, -120.000000, -172.950000, 0.000001, 768.570000, 770.099000
2458927.203972, -137.61, 0.45, 20.100000, 23.900000, 19.800000, 16.000000, 0.400000, 20.480000, 19.628000, 20.574000, 18.814000, 19.564000, 25.035000, 20.567000, 12.508000, 20.706000, 20.510000, 20.372000, 20.927000, 20.670000, 21.040000, 21.340000, -120.000000, -172.950000, 0.000001, 768.570000, 770.099000
2458927.204161, -142.23, 0.52, 20.100000, 23.900000, 19.500000, 16.100000, 0.400000, 20.479000, 19.563000, 20.574000, 18.610000, 19.512000, 25.927000, 20.565000, 12.518000, 20.705000, 20.425000, 20.369000, 20.927000, 20.630000, 20.990000, 21.360000, -119.990000, -172.950000, 0.000001, 768.582000, 770.101000
2458927.204350, -141.70, 0.46, 20.100000, 23.900000, 19.500000, 16.100000, 0.400000, 20.479000, 19.563000, 20.574000, 18.610000, 19.512000, 25.927000, 20.565000, 12.518000, 20.705000, 20.425000, 20.369000, 20.927000, 20.630000, 20.990000, 21.360000, -119.990000, -172.950000, 0.000001, 768.582000, 770.101000
2458927.204538, -143.75, 0.49, 20.100000, 23.900000, 19.500000, 16.100000, 0.400000, 20.479000, 19.563000, 20.574000, 18.610000, 19.512000, 25.927000, 20.565000, 12.518000, 20.705000, 20.425000, 20.369000, 20.927000, 20.630000, 20.990000, 21.360000, -119.990000, -172.950000, 0.000001, 768.582000, 770.101000
2458927.204728, -146.83, 0.47, 20.100000, 23.900000, 19.500000, 16.100000, 0.400000, 20.479000, 19.563000, 20.574000, 18.610000, 19.512000, 25.927000, 20.565000, 12.518000, 20.705000, 20.425000, 20.369000, 20.927000, 20.630000, 20.990000, 21.360000, -119.990000, -172.950000, 0.000001, 768.582000, 770.101000
2458927.204918, -146.19, 0.43, 20.100000, 23.900000, 19.100000, 16.500000, 0.400000, 20.479000, 19.648000, 20.574000, 18.493000, 19.531000, 24.591000, 20.565000, 12.467000, 20.705000, 20.519000, 20.370000, 20.924000, 20.650000, 20.990000, 21.260000, -119.990000, -172.890000, 0.000001, 768.532000, 770.098000
2458927.205108, -143.68, 0.46, 20.100000, 23.900000, 19.100000, 16.500000, 0.400000, 20.479000, 19.648000, 20.574000, 18.493000, 19.531000, 24.591000, 20.565000, 12.467000, 20.705000, 20.519000, 20.370000, 20.924000, 20.650000, 20.990000, 21.260000, -119.990000, -172.890000, 0.000001, 768.532000, 770.098000
2458927.205297, -146.84, 0.44, 20.100000, 23.900000, 19.100000, 16.500000, 0.400000, 20.479000, 19.648000, 20.574000, 18.493000, 19.531000, 24.591000, 20.565000, 12.467000, 20.705000, 20.519000, 20.370000, 20.924000, 20.650000, 20.990000, 21.260000, -119.990000, -172.890000, 0.000001, 768.532000, 770.098000
2458927.205486, -148.73, 0.44, 20.100000, 23.800000, 19.000000, 16.600000, 0.400000, 20.479000, 19.678000, 20.574000, 18.398000, 19.497000, 25.707000, 20.565000, 12.449000, 20.705000, 20.508000, 20.369000, 20.924000, 20.720000, 20.980000, 21.350000, -119.990000, -172.960000, 0.000001, 768.566000, 770.102000
2458927.205675, -149.62, 0.51, 20.100000, 23.800000, 19.000000, 16.600000, 0.400000, 20.479000, 19.678000, 20.574000, 18.398000, 19.497000, 25.707000, 20.565000, 12.449000, 20.705000, 20.508000, 20.369000, 20.924000, 20.720000, 20.980000, 21.350000, -119.990000, -172.960000, 0.000001, 768.566000, 770.102000
2458927.205866, -156.46, 0.46, 20.100000, 23.800000, 19.000000, 16.600000, 0.400000, 20.479000, 19.678000, 20.574000, 18.398000, 19.497000, 25.707000, 20.565000, 12.449000, 20.705000, 20.508000, 20.369000, 20.924000, 20.720000, 20.980000, 21.350000, -119.990000, -172.960000, 0.000001, 768.566000, 770.102000
2458927.206054, -155.81, 0.51, 20.100000, 23.800000, 19.000000, 16.600000, 0.400000, 20.479000, 19.678000, 20.574000, 18.398000, 19.497000, 25.707000, 20.565000, 12.449000, 20.705000, 20.508000, 20.369000, 20.924000, 20.720000, 20.980000, 21.350000, -119.990000, -172.960000, 0.000001, 768.566000, 770.102000
2458927.206243, -154.76, 0.50, 20.100000, 23.800000, 18.800000, 16.800000, 0.400000, 20.479000, 19.616000, 20.574000, 18.307000, 19.527000, 24.772000, 20.565000, 12.471000, 20.706000, 20.590000, 20.372000, 20.918000, 20.700000, 20.990000, 21.300000, -120.000000, -172.900000, 0.000001, 768.542000, 770.098000
2458927.206433, -157.46, 0.51, 20.100000, 23.800000, 18.800000, 16.800000, 0.400000, 20.479000, 19.616000, 20.574000, 18.307000, 19.527000, 24.772000, 20.565000, 12.471000, 20.706000, 20.590000, 20.372000, 20.918000, 20.700000, 20.990000, 21.300000, -120.000000, -172.900000, 0.000001, 768.542000, 770.098000
2458927.206622, -157.00, 0.51, 20.100000, 23.800000, 18.800000, 16.800000, 0.400000, 20.479000, 19.616000, 20.574000, 18.307000, 19.527000, 24.772000, 20.565000, 12.471000, 20.706000, 20.590000, 20.372000, 20.918000, 20.700000, 20.990000, 21.300000, -120.000000, -172.900000, 0.000001, 768.542000, 770.098000
2458927.206811, -162.16, 0.53, 20.100000, 23.800000, 18.800000, 16.800000, 0.400000, 20.479000, 19.616000, 20.574000, 18.307000, 19.527000, 24.772000, 20.565000, 12.471000, 20.706000, 20.590000, 20.372000, 20.918000, 20.700000, 20.990000, 21.300000, -120.000000, -172.900000, 0.000001, 768.542000, 770.098000
2458927.207000, -162.75, 0.51, 20.100000, 23.800000, 18.700000, 16.800000, 0.400000, 20.479000, 19.656000, 20.574000, 18.295000, 19.499000, 25.478000, 20.565000, 12.448000, 20.705000, 20.473000, 20.373000, 20.923000, 20.690000, 21.030000, 21.290000, -119.990000, -172.850000, 0.000001, 768.530000, 770.099000
2458927.207190, -164.22, 0.56, 20.100000, 23.800000, 18.700000, 16.800000, 0.400000, 20.479000, 19.656000, 20.574000, 18.295000, 19.499000, 25.478000, 20.565000, 12.448000, 20.705000, 20.473000, 20.373000, 20.923000, 20.690000, 21.030000, 21.290000, -119.990000, -172.850000, 0.000001, 768.530000, 770.099000
2458927.207380, -166.46, 0.53, 20.100000, 23.800000, 18.700000, 16.800000, 0.400000, 20.479000, 19.656000, 20.574000, 18.295000, 19.499000, 25.478000, 20.565000, 12.448000, 20.705000, 20.473000, 20.373000, 20.923000, 20.690000, 21.030000, 21.290000, -119.990000, -172.850000, 0.000001, 768.530000, 770.099000
2458927.207568, -164.81, 0.53, 20.100000, 23.800000, 18.700000, 16.800000, 0.400000, 20.478000, 19.711000, 20.575000, 18.249000, 19.510000, 24.624000, 20.565000, 12.431000, 20.706000, 20.472000, 20.376000, 20.933000, 20.750000, 20.960000, 21.360000, -119.990000, -172.830000, 0.000001, 768.541000, 770.099000
2458927.207758, -165.85, 0.48, 20.100000, 23.800000, 18.700000, 16.800000, 0.400000, 20.478000, 19.711000, 20.575000, 18.249000, 19.510000, 24.624000, 20.565000, 12.431000, 20.706000, 20.472000, 20.376000, 20.933000, 20.750000, 20.960000, 21.360000, -119.990000, -172.830000, 0.000001, 768.541000, 770.099000
2458927.207948, -159.23, 0.53, 20.100000, 23.800000, 18.700000, 16.800000, 0.400000, 20.478000, 19.711000, 20.575000, 18.249000, 19.510000, 24.624000, 20.565000, 12.431000, 20.706000, 20.472000, 20.376000, 20.933000, 20.750000, 20.960000, 21.360000, -119.990000, -172.830000, 0.000001, 768.541000, 770.099000
2458927.208138, -161.11, 0.61, 20.100000, 23.800000, 18.700000, 16.800000, 0.400000, 20.478000, 19.711000, 20.575000, 18.249000, 19.510000, 24.624000, 20.565000, 12.431000, 20.706000, 20.472000, 20.376000, 20.933000, 20.750000, 20.960000, 21.360000, -119.990000, -172.830000, 0.000001, 768.541000, 770.099000
2458927.208328, -159.86, 0.49, 20.000000, 23.800000, 18.700000, 16.700000, 0.400000, 20.478000, 19.604000, 20.574000, 18.312000, 19.527000, 25.535000, 20.565000, 12.443000, 20.706000, 20.544000, 20.377000, 20.930000, 20.690000, 21.020000, 21.290000, -119.990000, -172.870000, 0.000001, 768.593000, 770.100000
2458927.208516, -160.49, 0.45, 20.000000, 23.800000, 18.700000, 16.700000, 0.400000, 20.478000, 19.604000, 20.574000, 18.312000, 19.527000, 25.535000, 20.565000, 12.443000, 20.706000, 20.544000, 20.377000, 20.930000, 20.690000, 21.020000, 21.290000, -119.990000, -172.870000, 0.000001, 768.593000, 770.100000
2458927.208705, -159.35, 0.52, 20.000000, 23.800000, 18.700000, 16.700000, 0.400000, 20.478000, 19.604000, 20.574000, 18.312000, 19.527000, 25.535000, 20.565000, 12.443000, 20.706000, 20.544000, 20.377000, 20.930000, 20.690000, 21.020000, 21.290000, -119.990000, -172.870000, 0.000001, 768.593000, 770.100000
2458927.208894, -162.04, 0.54, 20.000000, 23.800000, 18.700000, 16.700000, 0.400000, 20.478000, 19.604000, 20.574000, 18.312000, 19.527000, 25.535000, 20.565000, 12.443000, 20.706000, 20.544000, 20.377000, 20.930000, 20.690000, 21.020000, 21.290000, -119.990000, -172.870000, 0.000001, 768.593000, 770.100000
2458927.209082, -157.68, 0.48, 20.000000, 23.800000, 19.000000, 16.500000, 0.400000, 20.478000, 19.612000, 20.575000, 18.153000, 19.544000, 25.067000, 20.564000, 12.626000, 20.706000, 20.562000, 20.375000, 20.921000, 20.680000, 20.980000, 21.260000, -119.990000, -172.820000, 0.000001, 768.574000, 770.100000
2458927.209272, -155.51, 0.48, 20.000000, 23.800000, 19.000000, 16.500000, 0.400000, 20.478000, 19.612000, 20.575000, 18.153000, 19.544000, 25.067000, 20.564000, 12.626000, 20.706000, 20.562000, 20.375000, 20.921000, 20.680000, 20.980000, 21.260000, -119.990000, -172.820000, 0.000001, 768.574000, 770.100000
2458927.209461, -156.26, 0.43, 20.000000, 23.800000, 19.000000, 16.500000, 0.400000, 20.478000, 19.612000, 20.575000, 18.153000, 19.544000, 25.067000, 20.564000, 12.626000, 20.706000, 20.562000, 20.375000, 20.921000, 20.680000, 20.980000, 21.260000, -119.990000, -172.820000, 0.000001, 768.574000, 770.100000
2458927.209650, -154.72, 0.43, 20.000000, 23.800000, 19.300000, 16.200000, 0.400000, 20.478000, 19.573000, 20.575000, 18.348000, 19.558000, 24.726000, 20.565000, 12.589000, 20.706000, 20.485000, 20.374000, 20.922000, 20.590000, 20.990000, 21.300000, -119.980000, -172.810000, 0.000001, 768.640000, 770.100000
2458927.209840, -150.70, 0.48, 20.000000, 23.800000, 19.300000, 16.200000, 0.400000, 20.478000, 19.573000, 20.575000, 18.348000, 19.558000, 24.726000, 20.565000, 12.589000, 20.706000, 20.485000, 20.374000, 20.922000, 20.590000, 20.990000, 21.300000, -119.980000, -172.810000, 0.000001, 768.640000, 770.100000
2458927.210029, -154.13, 0.49, 20.000000, 23.800000, 19.300000, 16.200000, 0.400000, 20.478000, 19.573000, 20.575000, 18.348000, 19.558000, 24.726000, 20.565000, 12.589000, 20.706000, 20.485000, 20.374000, 20.922000, 20.590000, 20.990000, 21.300000, -119.980000, -172.810000, 0.000001, 768.640000, 770.100000
2458927.210223, -151.53, 0.46, 20.000000, 23.800000, 19.300000, 16.200000, 0.400000, 20.478000, 19.573000, 20.575000, 18.348000, 19.558000, 24.726000, 20.565000, 12.589000, 20.706000, 20.485000, 20.374000, 20.922000, 20.590000, 20.990000, 21.300000, -119.980000, -172.810000, 0.000001, 768.640000, 770.100000
2458927.210413, -155.71, 0.54, 20.000000, 23.800000, 19.600000, 16.100000, 0.400000, 20.477000, 19.566000, 20.575000, 18.454000, 19.555000, 25.842000, 20.564000, 12.474000, 20.706000, 20.531000, 20.371000, 20.929000, 20.580000, 21.020000, 21.260000, -119.960000, -172.810000, 0.000001, 768.574000, 770.100000
2458927.210602, -154.18, 0.52, 20.000000, 23.800000, 19.600000, 16.100000, 0.400000, 20.477000, 19.566000, 20.575000, 18.454000, 19.555000, 25.842000, 20.564000, 12.474000, 20.706000, 20.531000, 20.371000, 20.929000, 20.580000, 21.020000, 21.260000, -119.960000, -172.810000, 0.000001, 768.574000, 770.100000
2458927.210792, -152.34, 0.47, 20.000000, 23.800000, 19.600000, 16.100000, 0.400000, 20.477000, 19.566000, 20.575000, 18.454000, 19.555000, 25.842000, 20.564000, 12.474000, 20.706000, 20.531000, 20.371000, 20.929000, 20.580000, 21.020000, 21.260000, -119.960000, -172.810000, 0.000001, 768.574000, 770.100000
2458927.210981, -155.19, 0.43, 20.000000, 23.800000, 19.600000, 16.100000, 0.400000, 20.477000, 19.566000, 20.575000, 18.454000, 19.555000, 25.842000, 20.564000, 12.474000, 20.706000, 20.531000, 20.371000, 20.929000, 20.580000, 21.020000, 21.260000, -119.960000, -172.810000, 0.000001, 768.574000, 770.100000
2458927.211170, -148.66, 0.43, 20.000000, 23.900000, 19.700000, 16.000000, 0.400000, 20.477000, 19.577000, 20.575000, 18.558000, 19.541000, 24.893000, 20.564000, 12.492000, 20.707000, 20.514000, 20.371000, 20.920000, 20.610000, 21.020000, 21.330000, -120.000000, -172.870000, 0.000001, 768.543000, 770.101000
2458927.211360, -155.83, 0.51, 20.000000, 23.900000, 19.700000, 16.000000, 0.400000, 20.477000, 19.577000, 20.575000, 18.558000, 19.541000, 24.893000, 20.564000, 12.492000, 20.707000, 20.514000, 20.371000, 20.920000, 20.610000, 21.020000, 21.330000, -120.000000, -172.870000, 0.000001, 768.543000, 770.101000
2458927.211550, -154.91, 0.50, 20.000000, 23.900000, 19.700000, 16.000000, 0.400000, 20.477000, 19.577000, 20.575000, 18.558000, 19.541000, 24.893000, 20.564000, 12.492000, 20.707000, 20.514000, 20.371000, 20.920000, 20.610000, 21.020000, 21.330000, -120.000000, -172.870000, 0.000001, 768.543000, 770.101000
2458927.211738, -153.29, 0.47, 20.000000, 23.900000, 19.800000, 15.900000, 0.400000, 20.477000, 19.583000, 20.575000, 18.608000, 19.535000, 25.190000, 20.564000, 12.535000, 20.706000, 20.514000, 20.372000, 20.913000, 20.630000, 20.990000, 21.330000, -120.010000, -172.800000, 0.000001, 768.529000, 770.099000
2458927.211927, -152.27, 0.50, 20.000000, 23.900000, 19.800000, 15.900000, 0.400000, 20.477000, 19.583000, 20.575000, 18.608000, 19.535000, 25.190000, 20.564000, 12.535000, 20.706000, 20.514000, 20.372000, 20.913000, 20.630000, 20.990000, 21.330000, -120.010000, -172.800000, 0.000001, 768.529000, 770.099000
2458927.212116, -147.89, 0.48, 20.000000, 23.900000, 19.800000, 15.900000, 0.400000, 20.477000, 19.583000, 20.575000, 18.608000, 19.535000, 25.190000, 20.564000, 12.535000, 20.706000, 20.514000, 20.372000, 20.913000, 20.630000, 20.990000, 21.330000, -120.010000, -172.800000, 0.000001, 768.529000, 770.099000
2458927.212306, -153.04, 0.49, 20.000000, 23.900000, 19.800000, 15.900000, 0.400000, 20.477000, 19.583000, 20.575000, 18.608000, 19.535000, 25.190000, 20.564000, 12.535000, 20.706000, 20.514000, 20.372000, 20.913000, 20.630000, 20.990000, 21.330000, -120.010000, -172.800000, 0.000001, 768.529000, 770.099000
2458927.212495, -148.88, 0.43, 20.000000, 23.900000, 19.900000, 15.900000, 0.400000, 20.477000, 19.533000, 20.575000, 18.692000, 19.548000, 25.441000, 20.564000, 12.538000, 20.706000, 20.457000, 20.371000, 20.922000, 20.560000, 21.000000, 21.340000, -120.010000, -172.830000, 0.000001, 768.578000, 770.101000
2458927.212684, -151.95, 0.52, 20.000000, 23.900000, 19.900000, 15.900000, 0.400000, 20.477000, 19.533000, 20.575000, 18.692000, 19.548000, 25.441000, 20.564000, 12.538000, 20.706000, 20.457000, 20.371000, 20.922000, 20.560000, 21.000000, 21.340000, -120.010000, -172.830000, 0.000001, 768.578000, 770.101000
2458927.212874, -150.87, 0.53, 20.000000, 23.900000, 19.900000, 15.900000, 0.400000, 20.477000, 19.533000, 20.575000, 18.692000, 19.548000, 25.441000, 20.564000, 12.538000, 20.706000, 20.457000, 20.371000, 20.922000, 20.560000, 21.000000, 21.340000, -120.010000, -172.830000, 0.000001, 768.578000, 770.101000
2458927.213063, -151.10, 0.50, 20.000000, 23.900000, 19.900000, 15.900000, 0.400000, 20.477000, 19.533000, 20.575000, 18.692000, 19.548000, 25.441000, 20.564000, 12.538000, 20.706000, 20.457000, 20.371000, 20.922000, 20.560000, 21.000000, 21.340000, -120.010000, -172.830000, 0.000001, 768.578000, 770.101000
2458927.213252, -151.44, 0.50, 20.000000, 23.900000, 20.000000, 15.800000, 0.400000, 20.477000, 19.604000, 20.575000, 18.865000, 19.540000, 25.783000, 20.563000, 12.511000, 20.706000, 20.522000, 20.371000, 20.918000, 20.600000, 21.000000, 21.270000, -119.980000, -172.900000, 0.000001, 768.641000, 770.100000
2458927.213442, -155.41, 0.55, 20.000000, 23.900000, 20.000000, 15.800000, 0.400000, 20.477000, 19.604000, 20.575000, 18.865000, 19.540000, 25.783000, 20.563000, 12.511000, 20.706000, 20.522000, 20.371000, 20.918000, 20.600000, 21.000000, 21.270000, -119.980000, -172.900000, 0.000001, 768.641000, 770.100000
2458927.213632, -155.19, 0.52, 20.000000, 23.900000, 20.000000, 15.800000, 0.400000, 20.477000, 19.604000, 20.575000, 18.865000, 19.540000, 25.783000, 20.563000, 12.511000, 20.706000, 20.522000, 20.371000, 20.918000, 20.600000, 21.000000, 21.270000, -119.980000, -172.900000, 0.000001, 768.641000, 770.100000
2458927.213822, -157.77, 0.52, 20.000000, 23.900000, 19.800000, 16.000000, 0.400000, 20.476000, 19.603000, 20.575000, 18.887000, 19.533000, 25.360000, 20.562000, 12.604000, 20.706000, 20.553000, 20.375000, 20.920000, 20.640000, 21.010000, 21.260000, -119.980000, -172.860000, 0.000001, 768.464000, 770.098000
2458927.214010, -155.01, 0.51, 20.000000, 23.900000, 19.800000, 16.000000, 0.400000, 20.476000, 19.603000, 20.575000, 18.887000, 19.533000, 25.360000, 20.562000, 12.604000, 20.706000, 20.553000, 20.375000, 20.920000, 20.640000, 21.010000, 21.260000, -119.980000, -172.860000, 0.000001, 768.464000, 770.098000
2458927.214200, -160.45, 0.47, 20.000000, 23.900000, 19.800000, 16.000000, 0.400000, 20.476000, 19.603000, 20.575000, 18.887000, 19.533000, 25.360000, 20.562000, 12.604000, 20.706000, 20.553000, 20.375000, 20.920000, 20.640000, 21.010000, 21.260000, -119.980000, -172.860000, 0.000001, 768.464000, 770.098000
2458927.214390, -158.55, 0.50, 20.000000, 23.900000, 19.800000, 16.000000, 0.400000, 20.476000, 19.603000, 20.575000, 18.887000, 19.533000, 25.360000, 20.562000, 12.604000, 20.706000, 20.553000, 20.375000, 20.920000, 20.640000, 21.010000, 21.260000, -119.980000, -172.860000, 0.000001, 768.464000, 770.098000
2458927.214580, -155.97, 0.48, 20.000000, 23.900000, 19.500000, 16.200000, 0.400000, 20.477000, 19.651000, 20.575000, 18.631000, 19.562000, 24.594000, 20.564000, 12.475000, 20.706000, 20.604000, 20.373000, 20.919000, 20.690000, 21.020000, 21.320000, -120.000000, -172.880000, 0.000001, 768.528000, 770.097000
2458927.214769, -162.20, 0.53, 20.000000, 23.900000, 19.500000, 16.200000, 0.400000, 20.477000, 19.651000, 20.575000, 18.631000, 19.562000, 24.594000, 20.564000, 12.475000, 20.706000, 20.604000, 20.373000, 20.919000, 20.690000, 21.020000, 21.320000, -120.000000, -172.880000, 0.000001, 768.528000, 770.097000
2458927.214959, -160.87, 0.45, 20.000000, 23.900000, 19.500000, 16.200000, 0.400000, 20.477000, 19.651000, 20.575000, 18.631000, 19.562000, 24.594000, 20.564000, 12.475000, 20.706000, 20.604000, 20.373000, 20.919000, 20.690000, 21.020000, 21.320000, -120.000000, -172.880000, 0.000001, 768.528000, 770.097000
2458927.215148, -159.56, 0.44, 20.000000, 23.900000, 19.500000, 16.200000, 0.400000, 20.477000, 19.651000, 20.575000, 18.631000, 19.562000, 24.594000, 20.564000, 12.475000, 20.706000, 20.604000, 20.373000, 20.919000, 20.690000, 21.020000, 21.320000, -120.000000, -172.880000, 0.000001, 768.528000, 770.097000
2458927.215338, -156.42, 0.47, 20.100000, 23.800000, 19.200000, 16.500000, 0.400000, 20.477000, 19.680000, 20.575000, 18.507000, 19.547000, 24.205000, 20.564000, 12.520000, 20.706000, 20.617000, 20.372000, 20.910000, 20.710000, 21.020000, 21.210000, -120.000000, -172.930000, 0.000001, 768.607000, 770.099000
2458927.215527, -155.91, 0.46, 20.100000, 23.800000, 19.200000, 16.500000, 0.400000, 20.477000, 19.680000, 20.575000, 18.507000, 19.547000, 24.205000, 20.564000, 12.520000, 20.706000, 20.617000, 20.372000, 20.910000, 20.710000, 21.020000, 21.210000, -120.000000, -172.930000, 0.000001, 768.607000, 770.099000
2458927.215716, -157.31, 0.50, 20.100000, 23.800000, 19.200000, 16.500000, 0.400000, 20.477000, 19.680000, 20.575000, 18.507000, 19.547000, 24.205000, 20.564000, 12.520000, 20.706000, 20.617000, 20.372000, 20.910000, 20.710000, 21.020000, 21.210000, -120.000000, -172.930000, 0.000001, 768.607000, 770.099000
2458927.215906, -155.81, 0.49, 20.100000, 23.800000, 18.900000, 16.700000, 0.400000, 20.477000, 19.689000, 20.575000, 18.405000, 19.535000, 26.623000, 20.563000, 12.679000, 20.706000, 20.527000, 20.367000, 20.911000, 20.710000, 20.950000, 21.290000, -119.980000, -172.980000, 0.000001, 768.558000, 770.101000
2458927.216096, -161.92, 0.47, 20.100000, 23.800000, 18.900000, 16.700000, 0.400000, 20.477000, 19.689000, 20.575000, 18.405000, 19.535000, 26.623000, 20.563000, 12.679000, 20.706000, 20.527000, 20.367000, 20.911000, 20.710000, 20.950000, 21.290000, -119.980000, -172.980000, 0.000001, 768.558000, 770.101000
2458927.216285, -162.50, 0.43, 20.100000, 23.800000, 18.900000, 16.700000, 0.400000, 20.477000, 19.689000, 20.575000, 18.405000, 19.535000, 26.623000, 20.563000, 12.679000, 20.706000, 20.527000, 20.367000, 20.911000, 20.710000, 20.950000, 21.290000, -119.980000, -172.980000, 0.000001, 768.558000, 770.101000
